"text","narrator","source","grade"
"لا تعجِزوا في الدُّعاءِ فإنَّه لنْ يهلِكَ مع الدُّعاءِ أحَدٌ.","أنس بن مالك","صحيح ابن حبان","أخرجه في صحيحه"
"لا تَعجِزوا في الدُّعاءِ ؛ فإنَّه لا يَهلِكُ مع الدُّعاءِ أَحدٌ.","أنس بن مالك","المستدرك على الصحيحين","صحيح الإسناد"
"[إنَّ مِمَّا يُستَجابُ به عِندَ الدُّعاءِ العُطاسَ] وفي رِوايةٍ [مِن سَعادةِ المَرءِ العُطاسُ عِندَ الدُّعاءِ ].","أبو رهم السمعي","الفوائد المجموعة","[فيه] أبو رهم تابعي، والسند إليه غير صحيح"
"الدعاءُ يردُّ القضاءَ [يعني حديث: إنَّ الدُّعاءَ يرُدُّ القَضاءَ، وإنَّ البِرَّ يَزيدُ في الرِّزقِ، وإنَّ العَبدَ لَيُحرَمُ الرِّزقَ بالذَّنبِ يُصيبُه.].","ثوبان مولى رسول الله صلى الله عليه وسلم","النوافح العطرة","صحيح"
"أفضلُ العبادةِ الدعاءُ.","أبو هريرة والنعمان بن بشير","الجامع الصغير","صحيح"
"أَكْثِرِ الدعاءَ بالعافيةَ.","عبدالله بن عباس","الجامع الصغير","صحيح"
"أفضلُ العبادةِ الدعاءُ.","عبدالله بن عباس وأبو الدرداء وأبو هريرة","صحيح الجامع","صحيح"
"إِنَّ الدعاءَ هو العِبادَةُ.","النعمان بن بشير","صحيح الأدب المفرد","صحيح"
"إذا دعَا أحدُكُم فليَعزِمْ في الدُّعاءِ ، و لا يقُلْ : و في رِوايةٍ : إذا دعَوتُم اللهَ فاعزِمُوا في الدُّعاءِ و لا يقولَنَّ أحدُكُم : اللهُمَّ إن شِئتَ فأعطِني ، فإنَّ اللهَ لا مُستكرِهَ لهُ.","أنس بن مالك","صحيح الأدب المفرد","صحيح"
"سألتُ الحسنَ بنَ عليٍّ: علامَ تذكرُ مِن رسولِ اللَّهِ صلَّى اللَّهُ عليهِ وسلَّمَ؟ فقالَ: كانَ يعلِّمُنا هذا الدُّعاءَ : اللَّهمَّ اهدِني فيمَن هدَيتَ، بمثلِ حديثِ وَكيعٍ في الدُّعاءِ ، ولَم يذكُرِ القنوتَ، ولا الوِترَ.","الحسن بن علي","صحيح ابن خزيمة","أخرجه في صحيحه"
"الدُّعاءُ مُستَجابٌ ما بيْنَ النِّداءِ.","أنس بن مالك","المستدرك على الصحيحين","[سكت عنه وقال في المقدمة رواته ثقات احتج بمثله الشيخان أو أحدهما]"
"سيكونُ قومٌ يَعتَدُونُ في الدعاءِ.","سعد بن أبي وقاص","الجامع الصغير","صحيح"
"أفضلُ الدعاءِ دعاءُ المرءِ لنفسِهِ.","عائشة أم المؤمنين","الجامع الصغير","صحيح"
"أنَّهما أي الدَّعاءُ والقَدرُ يحتجَّانِ.","-","الفتح الرباني","صحيح"
"أنَّهُ-أي الدُّعاءَ يردُّ القضاءَ.","-","الفتح الرباني","صحيح"
"أفضلُ الدُّعاءِ دعاءُ يومِ عرَفةَ.","طلحة بن عبيدالله","السلسلة الصحيحة","إسناده مرسل صحيح"
"يا عمِّ أكثرِ الدعاءَ بالعافيةِ.","عبدالله بن عباس","السلسلة الصحيحة","حسن"
"لا يرُدُّ القدرَ إلا الدعاءُ.","-","شرح العقيدة السفارينية","صحيح"
"حديثُ: الدُّعاءِ بَينَ الأذانِ والإقامةِ.","-","لقاء الباب المفتوح","صحيح"
"الدعاءُ لا يُردُّ بين الأذانِ والإقامةِ.","أنس بن مالك","سنن الترمذي","حسن صحيح"
"الدُّعاءُ بَيْنَ الأذانِ والإقامةِ يُستجابُ فادعوا.","أنس بن مالك","صحيح ابن حبان","أخرجه في صحيحه"
"في الأمرِ بطَلَبِ الدُّعاءِ مِنَ المريضِ.","عمر بن الخطاب","تهذيب التهذيب","صحيح أو حسن"
"ثمَّ لِيتخيَّرْ من الدعاءِ أعجبَه إليهِ.","عبدالله بن مسعود","مجموع الفتاوى","صحيح"
"الدُّعاءُ بَينَ الأذانِ والإقامةِ مُستَجابٌ فادعوا.","-","مجموع الشروح الفقهية.","صحيح"
"الدُّعاءُ مُستجابٌ بين النِّداءِ و الإقامةِ.","أنس بن مالك","صحيح الجامع","حسن"
"الدُّعاءُ بينَ الأذانِ والإقامةِ لا يُردُّ، فادعوا.","أنس بن مالك","صحيح ابن خزيمة","أخرجه في صحيحه"
"إذا صلَّيتُم على الميِّتِ فأخلِصوا لَه الدُّعاءَ.","أبو هريرة","بلوغ المرام","صحيح"
"إذا صلَّيْتُم على الجنازةِ فأخلِصوا لها الدُّعاءَ.","أبو هريرة","صحيح ابن حبان","أخرجه في صحيحه"
"حديثُ مسحِ الوجهِ عند الفراغِ من الدُّعاءِ.","-","السنن الكبرى للبيهقي","فيه ضعف، [وأما في الصلاة] فهو عمل لم يثبت بخبر صحيح، ولا أثر ثابت، ولا قياس"
"إذا صلَّيتُم علَى الميِّتِ ؛ فأخلِصوا لهُ الدُّعاءَ.","أبو هريرة","الجامع الصغير","صحيح"
"الدعاءُ لا يُرَدُّ بين الأذانِ و الإقامةِ.","أنس بن مالك","الجامع الصغير","صحيح"
"الدُّعاءُ بين الأذانِ و الإقامةِ مُستجابٌ ، فادْعوا.","أنس بن مالك","الجامع الصغير","صحيح"
"الدُّعاءُ بين الأذانِ و الإقامةِ لا يُرَدُّ.","أنس بن مالك","صحيح الترغيب","صحيح لغيره"
"[ الدُّعاءُ لا يُرَدُّ بينَ الأذانِ والإقامةِ فادْعوا].","أنس بن مالك","إرواء الغليل","إسناده صحيح رجاله كلهم ثقات رجال مسلم غير بريد بن أبى مريم وهو ثقة بلا خلاف"
"الدُّعاءُ لا يُرَدُّ بينَ الأذانِ والإقامةِ فادْعوا.","أنس بن مالك","تخريج زاد المعاد","إسناده صحيح"
"إذا صلَّيتُم على الميِّتِ فأخلِصوا لَهُ في الدُّعاءِ.","أبو هريرة","تحفة المحتاج","صحيح أو حسن [كما اشترط على نفسه في المقدمة]"
"الدُّعاءُ هوَ العبادةُ قَالَ رَبُّكُمُ ادعُونِي أَسْتَجِبْ لَكُمْ.","النعمان بن بشير","صحيح أبي داود","صحيح"
"ليسَ شيءٌ أَكْرمَ على اللَّهِ سبحانَهُ منَ الدُّعاءِ.","أبو هريرة","صحيح ابن ماجه","حسن"
"يا عباسُ عمَّ النبيِّ ! أَكثِرْ من الدُّعاءِ بالعافيةِ.","عبدالله بن عباس","صحيح الترغيب","حسن صحيح"
"ليس شيءٌ أكرمَ على اللهِ من الدُّعاءِ في الرَّخاءِ.","أبو هريرة","الترغيب والترهيب","[إسناده صحيح أو حسن أو ما قاربهما]"
"""داووا مَرضاكُم بالصَّدَقةِ، وحَصِّنوا أموالَكُم بالزَّكاةِ، وأعِدُّوا للبَلاءِ الدُّعاءَ "".","عبد الله","الفروع لابن مفلح","حسن، ومعناه صحيح"
"كانَ يَسْتَحِبُّ الجوامعَ منَ الدعاءِ ، ويَدَعُ ما سوى ذلكَ.","عائشة أم المؤمنين","الجامع الصغير","صحيح"
"داووا مرضاكم بالصَّدقةِ وحصِّنوا أموالَكم بالزَّكاةِ وأعدُّوا للبلاءِ الدُّعاءَ.","عبدالله بن مسعود","شرح ثلاثيات المسند","وإن كان في سنده من رمي بالكذب فقد عمل به جماعة من علمائنا وغيرهم وهو حسن ومعناه صحيح"
"ثِنتانِ ما تُرَدّانِ : الدُّعاءُ عند النِّداءِ ، و تحْتَ المَطَرِ.","سهل بن سعد الساعدي","صحيح الجامع","حسن"
"فأمره أن يتوضّأَ فيُحسنَ وضوءَه ، ثم يدعو بهذا الدعاءِ.","عثمان بن حنيف","صحيح الترغيب","صحيح"
"أقرَبُ ما يكونُ العبدُ من الدُّعاءِ جوفُ اللَّيلِ الآخِرِ.","عمرو بن عبسة","تخريج رياض الصالحين","إسناده صحيح"
"يكونُ في آخِرِ الزمانِ قومٌ يعتَدونَ في الدعاءِ والطُّهورِ.","عبدالله بن مغفل","تخريج شرح السنة","إسناده صحيح"
"عَن عائِشةَ رَضيَ اللهُ عنها، قالت: أُنزِلَ ذلك في الدُّعاءِ.","عروة بن الزبير","صحيح البخاري","[صحيح]"
"أقرَبُ ما يَكونُ العَبدُ مِن رَبِّه وهو ساجِدٌ؛ فأكثِروا الدُّعاءَ.","أبو هريرة","صحيح مسلم","[صحيح]"
"أَفضلُ الذِّكرِ: لا إلَهَ إلَّا اللهُ، وأَفضلُ الدُّعاءِ : الحمدُ للهِ.","جابر بن عبدالله","المستدرك على الصحيحين","صحيح الإسناد"
"لايرُدُّ القضاءَ إلَّا الدُّعاءُ ولا يزيدُ في العمرِ إلَّا البِرُّ.","سلمان الفارسي","الترغيب والترهيب","[إسناده صحيح أو حسن أو ما قاربهما]"
"الدُّعاءُ هوَ العبادةُ [ثمَّ قرأَ: وَقَالَ رَبُّكُمُ ادْعُونِي أَسْتَجِبْ لَكُمْ].","النعمان بن بشير","الأذكار للنووي","إسناده صحيح"
"أقربُ ما يكونُ العبدُ من ربِّه وهو ساجِدٌ فأكثِروا الدُّعاءَ.","أبو هريرة","مجموع الفتاوى","ثبت في الأحاديث الصحيحة"
"أقربُ ما يَكونُ العبدُ إلى اللَّهِ وَهوَ ساجدٌ، فأَكْثِروا الدُّعاءَ.","أبو هريرة","نخب الافكار","إسناده صحيح"
"الدُّعاءُ محجوبٌ عن اللَّهِ حتَّى يصلِّيَ على محمَّدٍ وأهلِ بيتِهِ.","علي بن أبي طالب","الجامع الصغير","صحيح"
"أقربُ ما يَكونُ العبدُ من ربِّهِ ، وَهوَ ساجدٌ ، فأَكْثروا الدُّعاءَ.","أبو هريرة","صحيح أبي داود","صحيح"
"أَفضلُ الذِّكرِ لا إله إلا اللهُ ، وأفضلُ الدعاءِ الحمدُ لله.","جابر بن عبدالله","صحيح الترغيب","حسن"
"أقرَبُ ما يَكونُ العبدُ من ربِّهِ وَهوَ ساجِدٌ ، فأَكْثِروا الدُّعاءَ.","أبو هريرة","الكلم الطيب","أورده في صحيح الكلم الطيب"
"الدعاءُ هو العبادةُ ثم قرأ { وقال ربُّكم ادعوني أستجبْ لكم }.","[النعمان بن بشير]","أحكام الجنائز","إسناده صحيح"
"الدُّعاءُ هو العِبادةُ {قَالَ رَبُّكُمُ ادْعُونِي أَسْتَجِبْ لَكُمْ} [غافر: 60].","النعمان بن بشير","الرسالة الوازعة للمعتدين","صحيح رجاله رجال الصحيح إلَّا يسيعا الحضرمي وقد وثقه النسائي"
"إذا دُعيَ أحدُكم فليُجِبْ، فإنْ كان صائمًا؛ فليُصَلِّ، يَعني الدُّعاءَ.","أبو هريرة","تخريج المسند لشعيب","إسناده صحيح على شرط الشيخين"
"الدُّعاءُ هو العِبادةُ، ثُمَّ قَرَأَ {ادْعُونِي أَسْتَجِبْ لَكُمْ} [غافر: 60].","النعمان بن بشير","تخريج المسند لشعيب","إسناده صحيح"
"زادَ الدارَقُطْنيُّ: ربَّ الملائكةِ والرُّوحِ [أيْ في الدعاءِ بعدَ الوِترِ].","-","تخريج زاد المعاد","إسناده صحيح"
"إنَّ أقربَ ما يكونُ العبدُ مِن ربِّه وهو ساجدٌ فأكثِروا الدُّعاءَ.","أبو هريرة","صحيح ابن حبان","أخرجه في صحيحه"
"كان رسولُ اللهِ صلَّى اللهُ عليه وسلَّم يُعجِبُه الجوامعُ مِن الدُّعاءِ.","عائشة أم المؤمنين","صحيح ابن حبان","أخرجه في صحيحه"
"الدُّعاءُ يَنفعُ ممَّا نَزَلَ، وممَّا لمْ يَنزِلْ؛ فعليكم عبادَ اللهِ بالدُّعاءِ.","عبدالله بن عمر","المستدرك على الصحيحين","[سكت عنه وقال في المقدمة رواته ثقات احتج بمثله الشيخان أو أحدهما]"
"أنَّ النَّبيَّ صلَّى اللهُ عليه وسلَّمَ قالَ لعمِّهِ: أَكثِرِ الدُّعاءَ بالعافيةِ.","عبدالله بن عباس","المستدرك على الصحيحين","صحيح على شرط البخاري"
"ليَنتهينَّ أناسٌ عن رفعِ أبصارِهم عِندَ الدعاءِ إلى السماءِ حتى لتُخطفَ.","أبو هريرة","المحلى","احتج به ، وقال في المقدمة: (لم نحتج إلا بخبر صحيح من رواية الثقات مسند)"
"لا يردُّ القضاءَ إلَّا الدُّعاءُ ولا يزيدُ في العُمرِ إلَّا البرُّ.","سلمان الفارسي","الترغيب والترهيب","[إسناده صحيح أو حسن أو ما قاربهما]"
"أعجزُ النَّاسِ من عجزَ عنِ الدُّعاءِ ، وأبخلُ النَّاسِ من بخلَ بالسَّلامِ.","أبو هريرة","المقاصد الحسنة","رجاله رجال الصحيح"
"كان عليه الصلاة والسلام يَسْتَحِبُّ جوامع الدعاءِ ، ويدعُ ما سوى ذلِكَ.","عائشة","شرح كتاب الذكر والدعاء من صحيح مسلم","صحيح"
"أعجَزُ النَّاسِ مَن عجَز في الدُّعاءِ ، وأبخلُ النَّاسِ من بخِلَ بالسَّلامِ.","أبو هريرة","صحيح الترغيب","حسن صحيح"
"لا يَرُدُّ القضاءَ إلَّا الدُّعاءُ ، ولا يزيدُ في العُمُرِ إلَّا البِرُّ.","سلمان الفارسي","صحيح الترغيب","حسن لغيره"
"لا يَرُدُّ القدرَ إلَّا الدُّعاءُ ، ولا يزيدُ في العمرِ إلَّا البِرُّ ،.","ثوبان مولى رسول الله صلى الله عليه وسلم","صحيح الترغيب","حسن"
"أفضلُ الذكرِ : لا إلَه إلَّا اللهُ ، و أفضلُ الدعاءِ : الحمدُ للهِ.","جابر بن عبدالله","صحيح الجامع","حسن"
"أقربُ ما يكونُ العبدُ من ربِّه و هو ساجدٌ ، فأكثروا الدعاءَ.","أبو هريرة","صحيح الجامع","صحيح"
"إِنَّهُ سيكونُ في هذِهِ الأُمَّةِ قومٌ ، يعتدونَ في الطُّهورِ و الدعاءِ.","عبدالله بن مغفل","صحيح الجامع","صحيح"
"عن عائِشةَ: كان يُعجِبُه الجَوامِعُ مِنَ الدُّعاءِ ، ويَدَعُ ما بَينَ ذلك.","عائشة أم المؤمنين","تخريج المسند لشعيب","إسناده صحيح"
"إذا دُعِيَ أحدكُم إلى طعامٍ فليجبْ ، فإن كان صائِمًا فليصلّ يعني : الدعاءَ.","أبو هريرة","سنن الترمذي","حسن صحيح"
"مَنْ سَرَّهُ أنْ يُستجابَ له عندَ الكَرْبِ والشَّدائدِ؛ فليُكثِرِ الدُّعاءَ في الرَّخاءِ.","أبو هريرة","المستدرك على الصحيحين","صحيح الإسناد وأبو عامر الألهاني أظنه الهوزني وهو صدوق"
"إذا دُعِيَ أحدُكمْ إلى طعامٍ فليُجبْ فإنْ كانَ صائمًا فليُصلِّ يعني الدعاءَ.","أبو هريرة","عارضة الأحوذي","صحيح"
"( الدُّعاءُ هو العِبادةُ)، ثمَّ قرَأَ: {‌وَقَالَ ‌رَبُّكُمُ ادْعُونِي ‌أَسْتَجِبْ ‌لَكُمْ} [غافر: 60].","النعمان بن بشير","ما تمس إليه الحاجة","صحيح"
"كان إذا رفع يديْه في الدعاءِ لم يحطَّها حتى يمسحَ بها وجهَه.","عبدالله بن عمر","النوافح العطرة","صحيح"
"أنه كان يدعو بهذا الدعاءِ : اللهمَّ إني أسألُك الهدى والتُّقى والعفافَ والغِنى.","عبدالله بن مسعود","تخريج المسند لشاكر","إسناده صحيح"
"خيرُ الدُّعاءِ دُعاءُ يومِ عَرَفةَ، وأفضَلُ ما قُلْتُ أنا والنبيُّونَ من قَبْلي.","-","شرح كتاب الذكر والدعاء من صحيح مسلم","فيه ضعف"
"أقربُ ما يَكونُ العبدُ من ربِّهِ عزَّ وجلَّ وَهوَ ساجدٌ فأَكثروا الدُّعاءَ.","أبو هريرة","صحيح النسائي","صحيح"
"إذا دُعِيَ أحدُكُم إلى طَعامٍ فليُجِب، فَإِن كانَ صائِمًا، فليُصلِّ، يعني : الدُّعاءَ.","أبو هريرة","صحيح الترمذي","صحيح"
"الدُّعاءُ ينفع مما نزل و مما لم ينزِلْ ، فعليكم عبادَ اللهِ بالدُّعاءِ.","عبدالله بن عمر","صحيح الجامع","حسن"
"أعْجزُ الناسِ من عجَز عن الدعاءِ و أبخلُ الناسِ من بخِل بالسلامِ.","أبو هريرة","السلسلة الصحيحة","صحيح"
"إِنَّ الدعاءَ يَنْفَعُ مِمَّا نزلَ ومِمَّا لمْ يَنْزِلْ ، فَعليكُمْ عِبادَ اللهِ بالدعاءِ.","عبدالله بن عمر","صحيح الترغيب","حسن لغيره"
"نَحوُه: [إنَّ الدُّعاءَ هو العِبادةُ، ثُمَّ قَرَأ، {وقال رَبُّكُمُ ادعوني أستَجِبْ لَكُم}].","النعمان بن بشير","تخريج المسند لشعيب","إسناده صحيح"
"عَن عائِشةَ: {ولا تَجهَرْ بصَلاتِكَ ولا تُخافِتْ بها} [الإسراء: 110] أُنزِلَت في الدُّعاءِ.","عروة بن الزبير","صحيح البخاري","[صحيح]"
"إنَّ الدُّعاءَ هو العِبادةُ. ثُمَّ قَرأَ: {وَقَالَ رَبُّكُمُ ادْعُونِي أَسْتَجِبْ لَكُمْ} [غافر: 60].","النعمان بن بشير","المستدرك على الصحيحين","صحيح الإسناد"
"أنه قال بعد التشهدِ : ثم لْيتخيرْ أحدُكم من الدعاءِ أعجبَه إليه فلْيدْعُ به.","-","المحلى","صحيح"
"من سرَّه أن يستجيبَ اللهُ له عند الشَّدائدِ فيُكثِرْ من الدُّعاءِ في الرَّخاءِ.","أبو هريرة","الترغيب والترهيب","[إسناده صحيح أو حسن أو ما قاربهما]"
"يا عبَّاسُ يا عمَّ النَّبيِّ صلَّى اللهُ عليه وسلَّم أكثِرْ من الدُّعاءِ بالعافيةِ.","عبدالله بن عباس","الترغيب والترهيب","[إسناده صحيح أو حسن أو ما قاربهما]"
"أتُحِبُّون أن تجتهِدوا في الدُّعاءِ قولوا اللهمَّ أعِنَّا على ذِكْرِك وشُكْرِك وحُسْنِ عِبادتِك.","أبو هريرة","مجمع الزوائد","رجاله رجال الصحيح غير موسى بن طارق وهو ثقة‏‏"
"عن عائشةَ في قولِهِ ولَا تَجْهَرْ بِصَلَاتِكَ وَلَا تُخَافِتْ بِهَا نَزَلَتْ فِي الدُّعَاءِ.","[عروة بن الزبير]","مجمع الزوائد","رجاله رجال الصحيح"
"أتحبُّونَ أن تجتَهِدوا في الدُّعاءِ قولوا : اللَّهمَّ أعنَّا علَى شُكْرِكَ وذِكْرِكَ وحُسنِ عبادتِكَ.","أبو هريرة","تخريج المسند لشاكر","ثابت صحيح"
"صلُّوا عليَّ واجتَهدوا في الدُّعاءِ وقولوا اللَّهمَّ صلِّ على محمَّدٍ وعلى آلِ محمَّدٍ.","زيد بن خارجة","صحيح النسائي","صحيح"
"صلُّوا عليَّ واجتهِدوا في الدعاءِ وقولوا : اللهمَّ صلِّ على محمدٍ وعلى آلِ محمَّدٍ.","زيد بن خارجة","أصل صفة الصلاة","روي من طريق أخرى بإسناد صحيح على شرط مسلم"
"أتحبُّونَ أن تجتَهِدوا في الدُّعاءِ ، قولوا : اللَّهُمَّ أعنَّا على شُكْرِكَ وذِكْرِكَ ، وحُسنِ عبادتِكَ.","أبو هريرة","الصحيح المسند","صحيح"
"إنَّ الدُّعاءَ هو العِبادةُ، ثُمَّ قَرَأَ: {وَقَالَ رَبُّكُمُ ادْعُونِي أَسْتَجِبْ لَكُمْ} [غافر: 60].","النعمان بن بشير","تخريج المسند لشعيب","إسناده صحيح"
"أَتُحِبُّون أنْ تَجتَهِدوا في الدُّعاءِ ؟ قولوا: اللَّهمَّ أَعِنَّا على شُكرِكَ، وذِكرِكَ، وحُسنِ عِبادَتِك.","أبو هريرة","تخريج المسند لشعيب","إسناده صحيح"
"لَيَنتَهيَنَّ أقوامٌ عن رَفعِهم أبصارَهم عِندَ الدُّعاءِ في الصَّلاةِ إلى السَّماءِ أو لَتُخطَفَنَّ أبصارُهم.","أبو هريرة","صحيح مسلم","[صحيح]"
"كان النَّبيُّ صلَّى اللهُ عليه وسلَّم يرفَعُ يدَيْهِ في الدُّعاءِ حتَّى يُرى بياضُ إِبْطَيْهِ.","أنس بن مالك","صحيح ابن حبان","أخرجه في صحيحه"
"إنَّ اللهَ ليَغضَبُ على مَنْ يَفعلُهُ، ولا يَفعَلُ ذلك أَحدٌ غيرُهُ. يعني في الدُّعاءِ.","أبو هريرة","المستدرك على الصحيحين","صحيح الإسناد"
"سُئلَ رسولُ اللهِ صلَّى اللهُ عليه وسلَّمَ: أيُّ الدُّعاءِ أَفضلُ؟ قالَ: دُعاءُ المَرءِ لنفسِهِ.","عائشة","المستدرك على الصحيحين","صحيح الإسناد"
"قيل يا رسولَ اللهِ أيُّ الدُّعاءِ أسمَعُ قال جوفُ اللَّيلِ الأخيرِ ودُبُرِ الصَّلواتِ المكتوباتِ.","أبو أمامة الباهلي","الترغيب والترهيب","[إسناده صحيح أو حسن أو ما قاربهما]"
"ليَنْتَهِيَنَّ ناسٌ عن رَفْعِ أبصارِهم إلى السَّماءِ عندَ الدُّعاءِ حتَّى تُخْطَفَ يعني تُخْطَفَ أبصارُهم.","أبو هريرة","مجمع الزوائد","رجاله رجال الصحيح غير أحمد بن منصور وهو ثقة‏‏"
"من سره أن يستجيبَ اللهُ له عندَ الشَّدائدِ و الكُرَبِ ، فلْيُكثِرِ الدُّعاءَ في الرَّخاءِ.","أبو هريرة","الجامع الصغير","صحيح"
"من سرَّه أنِ يستجيبَ اللهُ له عند الشدائدِ والكربِ فلْيُكثرْ من الدعاءِ في الرخاءِ.","أبو هريرة","النوافح العطرة","صحيح"
"كان النبيُّ صلَّى اللهُ عليهِ وسلَّمَ يستحبُّ الجوامعَ من الدعاءِ ويَدَعُ ما سوى ذلك.","عائشة أم المؤمنين","حاشية بلوغ المرام لابن باز","إسناده صحيح"
"كان النَّبيُّ صلَّى اللهُ عليه وسلَّم يَستَحِبُّ الجَوامِعَ مِن الدُّعاءِ ، ويَدَعُ ما سِوى ذلك.","عائشة","مجموع الشروح الفقهية.","إسناده صحيح"
"لينتَهيَنَّ أقوامٌ عن رفعِ أبصارِهم عندَ الدُّعاءِ في الصَّلاةِ إلى السَّماءِ أو لتُخطَفنَّ أبصارُهُم.","أبو هريرة","صحيح النسائي","صحيح"
"مَن سَرَّه أن يَستَجيبَ اللهُ لهُ عِندَ الشدائدِ [ الكُرَبِ ] ؛ فَليُكثِرْ من الدُّعاءِ في الرَّخاءِ.","أبو هريرة","صحيح الترغيب","حسن لغيره"
"قيلَ يا رسولَ اللهِ أيُّ الدعاءِ أسمعُ قال : جَوفَ اللَّيلِ الأخيرِ ، ودُبرَ الصَّلواتِ المكتوباتِ.","أبو أمامة الباهلي","صحيح الترغيب","صحيح لغيره"
"لَيَنْتَهِيَنَّ أقوامٌ عن رَفعِهِمْ أبْصارَهُمْ عند الدُّعاءِ في الصلاةِ إلى السماءِ ، أوْ لَتُخطَفَنَّ أبْصارُهُمْ.","أبو هريرة","صحيح الجامع","صحيح"
"قيلَ : يا رسولَ اللهِ : أيُّ الدعاءِ أسمعُ ؟ قال : جوفُ الليلِ الآخرِ ، ودبُرُ الصلواتِ المكتوباتِ.","أبو أمامة الباهلي","أحاديث معلة","سنده رجال الصحيح ، ولكن قال يحيى بن معين أن عبد الرحمن بن سابط لم يسمع من أبي أمامة"
"رَأيتُ رَسولَ اللهِ صلَّى اللهُ عليه وسلَّم يَرفَعُ يَدَيه في الدُّعاءِ ، حتَّى يُرى بَياضُ إبْطَيه.","أنس بن مالك","صحيح مسلم","[صحيح]"
"إنَّ الدُّعاءَ يرُدُّ القَضاءَ، وإنَّ البِرَّ يَزيدُ في الرِّزقِ، وإنَّ العَبدَ لَيُحرَمُ الرِّزقَ بالذَّنبِ يُصيبُه.","ثوبان","المستدرك على الصحيحين","[سكت عنه وقال في المقدمة رواته ثقات احتج بمثله الشيخان أو أحدهما]"
"أنَّ العبدَ يُستجابُ له ما لَم يَعجَلْ ، فيقولُ : قد دعوتُ فلَم يُستَجَبْ لِي ، فيدَعُ الدُّعاءَ.","-","فتح الباري لابن رجب","صحيح"
"قال أَبو هُرَيرَةَ : إِنَّ أبخَلَ النَّاسِ من بَخِل بِالسَّلامِ ، وَأعجَزُ النَّاسِ مَن عَجَز عَنِ الدُّعاءِ.","-","فتح الباري لابن حجر","موقوف صحيح ، وقد روي مرفوعا"
"كان رسولُ اللهِ - صلَّى اللهُ عليهِ وسلَّم - يرفع يَدَيْه في الدعاءِ ؛ حتى يُرَى بياضُ إبطَيْهِ.","أنس بن مالك","هداية الرواة","إسناده صحيح على شرط مسلم"
"أَتُحِبُّونَ أنْ تَجْتَهِدُوا في الدعاءِ قولوا اللهمَّ أَعِنَّا على شُكْرِكَ ، و ذكرِكَ، و حُسْنِ عِبادَتِكَ.","أبو هريرة","السلسلة الصحيحة","إسناده صحيح"
"إذا خرجتَ من منزلِكَ فقل . . . فذكَرَ الدعاءَ بالإفرادِ [ دعاءَ اللهمَّ إني أعوذُ بكَ أن أَضِلَّ . . . ].","أم سلمة أم المؤمنين","السلسلة الصحيحة","إسناده رجاله ثقات رجال البخاري غير محمد بن عمرو بن خالد الحراني شيخ الطبراني فلم أجد له ترجمة"
"قال رسولُ اللهِ صلَّى اللهُ عليه وسلَّمَ: إنَّ الدُّعاءَ لا يُرَدُّ بيْنَ الأذانِ والإقامةِ، فادْعوا.","أنس بن مالك","تخريج المسند لشعيب","إسناده صحيح"
"كان رَسولُ اللهِ صلَّى اللهُ عليه وسلَّمَ يُعجِبُهُ الجَوامِعُ مِنَ الدُّعاءِ ، ويَدَعُ ما بَينَ ذلك.","عائشة أم المؤمنين","تخريج المسند لشعيب","إسناده صحيح"
"كان لا يَرفَعُ يَدَيهِ في شَيءٍ مِنَ الدعاءِ إلَّا عِندَ الاستِسقاءِ، حتى يُرى بياضُ إبْطَيْهِ.","أنس بن مالك","تخريج المسند لشعيب","إسناده صحيح"
"كان رسولُ اللهِ صلَّى اللهُ عليه وسلَّمَ يُعجِبُه الجوامِعُ منَ الدُّعاءِ ، ويَدَعُو بما بيْنَ ذلك.","عائشة أم المؤمنين","تخريج مشكل الآثار","إسناده صحيح على شرط مسلم"
"أنَّ رسولَ اللهِ صلَّى اللهُ عليه وسلَّمَ كان يُعجِبُه الجوامعُ مِنَ الدُّعاءِ ، ويَترُكُ ما بيْنَ ذلك.","عائشة","المستدرك على الصحيحين","صحيح الإسناد"
"أما الركوعُ فعظِّموا فيه الربَّ، وأما السجودُ فاجتهدوا فيه في الدعاءِ ، فإنه قَمِنٌ أن يُستجابَ لكم.","[عبدالله بن عباس]","أحكام القرآن لابن العربي","صحيح"
"عن أبي هريرةَ قال إنَّ أبخَلَ النَّاسِ مَن بخِل بالسَّلامِ وأعجَزَ النَّاسِ مَن عجَز عَنِ الدُّعاءِ.","-","مجمع الزوائد","رجاله رجال الصحيح‏‏"
"أنَّ رسولَ اللهِ صلَّى اللهُ عليهِ وسلَّمَ قال هذه الآيةِ وَلَا تَجْهَرْ بِصَلَاتِكَ نزلت في الدعاءِ.","أنصاري له صحبة","عمدة القاري","إسناده صحيح"
"الدعاءُ يردُّ القضاءَ، و إنَّ البرَّ يزيدُ في الرزقِ، و إنَّ العبدَ ليحرمَ الرزقَ بالذنبِ يصيبُهُ.","ثوبان مولى رسول الله صلى الله عليه وسلم","الجامع الصغير","صحيح"
"[حديثُ قبضِ أصابعِ الكفِّ اليمنَى مع الإشارةِ بالسبابةِ مع تحريكِها عندَ الدعاءِ تحريكًا خفيفًا حالَ التشهدِ].","-","مجموع فتاوى ابن باز","صحيح"
"كان يُكثرُ أن يدعو بهذا الدُّعاءِ لا يكادُ يفارقُه يقولُ الَّلهمَّ اجعلني أخشاك كأنِّي أراك أبدًا.","أبو هريرة","السلسلة الصحيحة","[فيه] إبراهيم بن خثيم بن عراك لا يستشهد به لشدة ضعفه"
"إذا دُعيَ أحدُكمْ فليجبْ فإنْ كانَ مُفطرًا فليطعمْ وإنْ كانَ صائمًا فليصلِّ قالَ هشامٌ والصلاةُ الدعاءُ.","أبو هريرة","صحيح أبي داود","صحيح"
"أنَّ النَّبيَّ كانَ يدعو بِهَذا الدُّعاءِ : اللَّهمَّ أعنِّي ولا تُعِنْ عليَّ وامكُر لي ولا تمكُر عليَّ.","عبدالله بن عباس","تخريج كتاب السنة","إسناده صحيح"
"إنَّ الدُّعاءَ هو العِبادةُ، ثُمَّ قَرَأَ: {ادْعُونِي أَسْتَجِبْ لَكُمْ إِنَّ الَّذِينَ يَسْتَكْبِرُونَ عَنْ عِبَادَتِي} [غافر: 60].","النعمان بن بشير","تخريج المسند لشعيب","إسناده صحيح"
"إذا دُعِيَ أحَدُكم، فلْيُجِبْ، فإنْ كان مُفطِرًا فلْيَطعَمْ، وإنْ كان صائمًا فلْيُصَلِّ.","أبو هريرة","تخريج مشكل الآثار","إسناده صحيح على شرط الشيخين."
"إذا دَعَوتُمُ اللهَ فاعزِموا في الدُّعاءِ ، ولا يَقولَنَّ أحَدُكُم: إن شِئتَ فأعطِني؛ فإنَّ اللهَ لا مُستَكرِهَ له.","أنس بن مالك","صحيح البخاري","[صحيح]"
"في قَولِه عزَّ وجلَّ: {ولا تَجهَرْ بِصَلاتِكَ وَلَا تُخافِتْ بِهَا} [الإسراء: 110] قالت: أُنزِلَ هذا في الدُّعاءِ.","عائشة أم المؤمنين","صحيح مسلم","[صحيح]"
"إذا دَعا أحَدُكُم فليَعزِمْ في الدُّعاءِ ، ولا يَقُلْ: اللهمَّ إن شِئتَ فأعطِني؛ فإنَّ اللهَ لا مُستَكرِهَ له.","أنس بن مالك","صحيح مسلم","[صحيح]"
"أنَّ النَّبيَّ صلَّى اللهُ عليه وسلَّم كان يدعو بهذا الدُّعاءِ : ( اللَّهمَّ إنِّي أسأَلُكَ الهُدَى والتُّقى والعفافَ والغِنى.","عبدالله بن مسعود","صحيح ابن حبان","أخرجه في صحيحه"
"لا يَرُدُّ القَدَرَ إلَّا الدُّعاءُ ، ولا يَزيدُ في العُمرِ إلَّا البِرُّ، وإنَّ الرَّجلَ ليُحرَمُ الرِّزقَ بالذَّنبِ يُصيبُهُ.","ثوبان","المستدرك على الصحيحين","صحيح الإسناد"
"كانَ النَّبيُّ صلَّى اللَّهُ عليهِ وسلَّمَ إذا رفَعَ يديهِ في الدُّعاءِ لم يحطَّهُما حتَّى يمسحَ بِهما وجهَهُ.","عمر بن الخطاب","الأحكام الشرعية الصغرى","[أشار في المقدمة أنه صحيح الإسناد]"
"إنَّ الرَّجلَ ليُحرَمُ الرِّزقَ بالذَّنبِ يُصيبُه ولا يرُدُّ القدرَ إلَّا الدُّعاءُ ولا يزيدُ في العمرِ إلَّا البِرُّ.","ثوبان مولى رسول الله صلى الله عليه وسلم","الترغيب والترهيب","[إسناده صحيح أو حسن أو ما قاربهما]"
"لا يرُدُّ القدرَ إلَّا الدُّعاءُ ولا يزيدُ في العمرِ إلَّا البِرُّ وإنَّ الرَّجلَ ليُحرَمَ الرِّزقَ بالذَّنبِ يُذنبُه.","ثوبان مولى رسول الله صلى الله عليه وسلم","الترغيب والترهيب","[إسناده صحيح أو حسن أو ما قاربهما]"
"إنَّ الرَّجُلَ ليُحرَمُ الرِّزقَ بالذَّنبِ يُصِيبُه، ولا يَرُدُّ القَدَرَ إلَّا الدُّعاءُ ، ولا يَزيدُ في العُمرِ إلَّا البِرُّ.","ثوبان","فيض القدير","[صحيح]"
"يُستجابُ لأحدِكم ما لم يعجَلْ، فيقولُ : دعوتُ ودعوتُ فلم أرَه يُستجابُ لي، فيستحسرُ عندَ ذلك ويدعُ الدعاءَ.","[أبو هريرة]","مجموع فتاوى ابن باز","صحيح"
"إن العبدَ ليحرمُ الرزقَ بالذنبِ يصيبُه ولا يردُّ القدرَ إلا الدعاءُ ولا يزيدُ في العمُرِ إلا البرُّ.","ثوبان مولى رسول الله صلى الله عليه وسلم","حاشية بلوغ المرام لابن باز","إسناده صحيح"
"أنَّ النَّبيَّ صلَّى اللهُ عليه وسلَّم سُئِلَ: أيُّ الدُّعاءِ أسمَعُ؟ قال: جَوفُ اللَّيلِ الآخِرُ، ودُبُرَ الصَّلَواتِ المَكتوباتِ.","أبو أمامة","مجموع الشروح الفقهية.","ذكر العلماء أنه منقطع، لكن له أصل في صحيح مسلم"
"إنَّ العَبدَ ليُحرَمُ الرِّزقَ بالذَّنبِ يُصيبُه، ولا يَرُدُّ القدَرَ إلَّا الدُّعاءُ ، ولا يَزيدُ في العُمُرِ إلَّا البِرُّ.","ثوبان","مجموع الشروح الفقهية.","إسناده صحيح"
"أتحبُّونَ أيُّها النَّاسُ أن تجتَهِدوا في الدُّعاءِ ؟ قولوا : اللَّهمَّ أعِنَّا علَى شُكرِكَ ، و ذكرِكَ ، و حُسنِ عبادتِكَ.","أبو هريرة","صحيح الجامع","صحيح"
"لا يزيدُ في العمُرِ إلَّا البرُّ ولا يردُّ القدَرَ إلَّا الدُّعاءُ وإنَّ الرَّجلَ لَيُحرَمُ الرِّزقَ بالذَّنبِ يصيبُهُ.","ثوبان مولى رسول الله صلى الله عليه وسلم","صحيح ابن ماجه","حسن دون قوله: ""وإن الرجل..."""
"كانَ رسولُ اللَّهِ - صلَّى اللَّهُ عليهِ وعلى آلِهِ وسلَّمَ - يستحِبُّ الجوامعَ منَ الدُّعاءِ ، ويدعُ ما سوى ذلِكَ.","عائشة أم المؤمنين","الصحيح المسند","صحيح على شرط مسلم"
"الدُّعاءُ هوَ العبادةُ ثمَّ قال وَقَالَ رَبُّكُمُ ادْعُونِي أَسْتَجِبْ لَكُمْ إِنَّ الَّذِينَ يَسْتَكْبِرُونَ عَنْ عِبَادَتِي سَيَدْخُلُونَ جَهَنَّمَ دَاخِرِينَ.","النعمان بن بشير","سنن الترمذي","حسن صحيح"
"الدُّعاءُ هُو العبادةُ ثمَّ قرأَ وَقالَ رَبُّكُمُ ادْعُونِي أَسْتَجِبْ لَكُمْ إِنَّ الَّذِينَ يَسْتَكْبِرُونَ عَنْ عِبادَتِي سَيَدْخُلُونَ جَهَنَّمَ داخِرِينَ.","النعمان بن بشير","سنن الترمذي","حسن صحيح"
"كان رسولُ اللهِ صلَّى اللهُ عليهِ وسلَّم، إذا رفع يَدَيْهِ في الدعاءِ ، لم يَحُطَّهُما حتى يَمْسَحَ بهما وجهَهُ.","عمر بن الخطاب","سنن الترمذي","صحيح غريب"
"هكَذا الإخلاصُ، يُشيرُ بإصبَعِهِ الَّتي تَلي الإبهامَ، وهذا الدُّعاءُ ، فرَفَعَ يدَيْهِ حَذْوَ مَنْكِبَيهِ، وهذا الابتهالُ، فرَفَعَ يَدَيْهِ مَدًّا.","عبدالله بن عباس","المستدرك على الصحيحين","صحيح الإسناد"
"الدُّعاءُ هو العبادةُ ثمَّ قرأ { وَقال رَبُّكُمُ ادْعُونِي أَسْتَجِبْ لَكُمْ إِنَّ الَّذِينَ يَسْتَكْبِرُونَ عَنْ عِبادَتِي سَيَدْخُلُونَ جَهَنَّمَ داخِرِينَ}.","النعمان بن بشير","الترغيب والترهيب","[إسناده صحيح أو حسن أو ما قاربهما]"
"الدُّعاءُ هوَ العِبادةُ . ثمَّ قرأَ : وَقَالَ رَبُّكُمُ ادْعُونِي أَسْتَجِبْ لَكُمْ إِنَّ الَّذِينَ يَسْتَكْبِرُونَ عَنْ عِبَادَتِي سَيَدْخُلُونَ جَهَنَّمَ دَاخِرِينَ.","النعمان بن بشير","صحيح الترغيب","صحيح"
"عن النَّبيِّ صلَّى اللهُ عليه وسلَّمَ، أنَّه كان يَدعو بهذا الدُّعاءِ : اللَّهمَّ إنِّي أسأَلُكَ الهُدى والتُّقىـ والعَفافَ والغِنى.","عبدالله بن مسعود","تخريج المسند لشعيب","إسناده صحيح على شرط مسلم"
"عَن عائِشةَ رَضيَ اللهُ عنها، قالت: نَزَلَت هذه الآيةُ {ولا تَجهَرْ بصَلاتِكَ ولا تُخافِتْ بِهَا} [الإسراء: 110] في الدُّعاءِ.","عروة بن الزبير","صحيح البخاري","[صحيح]"
"الدُّعاءُ هو العبادةُ ) ثمَّ قرَأ الآيةَ {ادْعُونِي أَسْتَجِبْ لَكُمْ إِنَّ الَّذِينَ يَسْتَكْبِرُونَ عَنْ عِبَادَتِي سَيَدْخُلُونَ جَهَنَّمَ دَاخِرِينَ} [غافر: 60].","النعمان بن بشير","صحيح ابن حبان","أخرجه في صحيحه"
"أنَّ رسولَ اللهِ صلَّى اللهُ عليه وسلَّمَ كان إذا مَدَّ يدَيْهِ في الدُّعاءِ لمْ يَرُدَّهما حتَّى يَمسَحَ بهما وَجهَه.","عمر","المستدرك على الصحيحين","[سكت عنه وقال في المقدمة رواته ثقات احتج بمثله الشيخان أو أحدهما]"
"الدُّعاءُ بينَ الأذانِ والإقامةِ لا يُردُّ قالوا : فماذا نَقولُ يا رسولَ اللَّهِ ؟ قالَ : سَلوا اللَّهَ العافيةَ في الدُّنيا والآخرةِ.","أنس بن مالك","الترغيب والترهيب","[إسناده صحيح أو حسن أو ما قاربهما]"
"الدُّعاءُ لا يردُّ بينَ الأذانِ والإقامةِ "" قالوا: فما نقولُ يا رسولَ اللَّهِ؟ قال: سلوا اللَّهَ العافيةَ في الدُّنيا والآخرةِ.","أنس بن مالك","زاد المعاد","صحيح"
"أفضلُ الدُّعاءِ دُعاءُ يومِ عرفةَ ، وإنَّ أفضلَ ما أقولُهُ أنا وما قال النبيونَ من قبليِ : لا إلهَ إلاَّ اللهُ.","المطلب بن عبدالله بن حنطب","السلسلة الصحيحة","مرسل حسن الإسناد"
"عن عمرَ بنِ الخطابِ قال : أنَّ الدعاءَ مَوْقُوفٌ بين السَّماءِ والأرضِ ، لا يَصْعَدُ مِنْهُ شيءٌ حتى تُصَلِّيَ على نبيِّكَ.","سعيد بن المسيب","صحيح الترغيب","صحيح لغيره"
"أنَّ عُمَرَ بنَ الخطابِ قال: إنَّ الدُّعاءَ مَوْقوفٌ بين السماءِ والأرضِ، لا يصعَدُ منه شيءٌ حتى تُصلِّيَ على نبِيِّكَ.","سعيد بن المسيب","تخريج شرح السنة","فيه أبو قرة الأسدي، قال الحافظ في تهذيب التهذيب: أخرج ابن خزيمة حديثه في صحيحه، وقال: لا أعرفه بعدالة ولا جرح."
"كُنَّا إذا جَلَسنا مع النَّبيِّ صلَّى اللهُ عليه وسلَّم في الصَّلاةِ... بمِثلِ حَديثِ مَنصورٍ، وقال: ثُمَّ يَتَخَيَّرُ بَعدُ مِنَ الدُّعاءِ.","عبدالله بن مسعود","صحيح مسلم","[صحيح]"
"حديثُ: الدُّعاءُ لا يُرَدُّ بَيْنَ الأذانِ والإقامةِ، قالوا: فما نقولُ يا رَسولَ اللهِ؟ قال: سَلُوا اللهَ العافيةَ في الدُّنيا والآخِرةِ.","[أنس بن مالك]","التعليقات البازية على زاد المعاد","الصحيح أنَّ الحديث ثابت إلى هنا، وإنما الكلام في زياداته"
"في قولِهِ : وَقَالَ رَبُّكُمُ ادْعُونِي أسْتَجِبْ لَكُمْ قالَ الدُّعاءُ هوَ العِبادةُ وقرأ وَقَالَ رَبُّكُمُ ادْعُونِي أسْتَجِبْ لَكُمْ - إلى قولِهِ - دَاخِرِينَ.","النعمان بن بشير","صحيح الترمذي","صحيح"
"لا يُغني حَذرٌ مِن قَدَرٍ، والدُّعاءُ يَنفعُ ممَّا نَزَلَ، وممَّا لمْ يَنزِلْ، وإنَّ البلاءَ ليَنزِلُ فيَتلقَّاهُ الدُّعاءُ فيَعتلِجانِ إلى يومِ القيامةِ.","عائشة أم المؤمنين","المستدرك على الصحيحين","صحيح الإسناد"
"لا يُغني حذرٌ من قدرٍ والدُّعاءُ ينفعُ ممَّا نزل وما لم ينزِلْ وإنَّ البلاءَ لينزِلُ فيلقاه الدُّعاءُ فيعتلِجان إلى يومِ القيامةِ.","عائشة أم المؤمنين","الترغيب والترهيب","[إسناده صحيح أو حسن أو ما قاربهما]"
"نهيتُ أن أقرأَ القرآنَ راكعًا أو ساجدًا ، أما الركوعُ فعظِّموا فيه الربَّ ، وأما السجودُ فاجتهدوا في الدعاءِ فقَمِنٌ أن يستجابَ لكم.","-","مجموع الفتاوى","صحيح"
"نُهِيتُ أن أقرَأَ القُرآنَ راكِعًا أو ساجِدًا، أمَّا الرُّكوعُ فعَظِّموا فيه الرَّبَّ، وأمَّا السُّجودُ فاجتَهِدوا في الدُّعاءِ فقَمِنٌ أن يُستجابَ لكم.","-","الفتاوى الكبرى","[صحيح]"
"أفضلُ الدعاءِ أنْ تسألَ ربَّكَ العفوَ والعافيةَ ، في الدنيا والآخرةِ ، فإِنَّكَ إذا أُعْطِيتَهما في الدنيا ثُمَّ أُعْطِيتَهما في الآخرةِ فقدْ أَفْلَحْتَ.","أنس بن مالك","الجامع الصغير","صحيح"
"عَن عائشةَ رضيَ اللَّهُ عَنها قالَت : كانَ رسولُ اللَّهِ صلَّى اللَّهُ عليهِ وسلَّمَ يستحِبُّ الجوامعَ منَ الدُّعاءِ ويدَعُ ما سِوى ذلِكَ.","عائشة أم المؤمنين","صحيح أبي داود","صحيح"
"سَألتُ رَسولَ اللهِ صلَّى الله عليه وسلَّم فقال: صَلُّوا علَيَّ واجتَهِدوا في الدُّعاءِ وقولوا: اللهُمَّ صَلِّ على مُحَمَّدٍ، وعَلى آلِ مُحَمَّدٍ.","زيد بن خارجة وقيل: ابن خارجة","سبل الهدى والرشاد","إسناده صحيح."
"قَرَأَ رسولُ اللهِ صلَّى اللهُ عليه وسلَّمَ: «{إِنَّ اللهَ كَانَ سَمِيعًا بَصِيرًا} [النساء: 58]»، فوَضَعَ إصْبَعَهُ الدَّعَّاءَ على عَيْنَيْهِ، وإبهامَيْهِ على أُذُنَيْهِ.","أبو هريرة","المستدرك على الصحيحين","صحيح، [وله شاهد على شرط مسلم]"
"كان إذا اجتهد لأحدٍ في الدُّعاءِ قال : جعل اللهُ عليكم صلاةَ قومٍ أبرارٍ ، يقومون اللَّيلَ و يصومون النَّهارَ ، ليسوا بأثَمَةٍ ولا فُجَّارٍ.","أنس بن مالك","السلسلة الصحيحة","إسناده صحيح على شرط مسلم"
"أفضلُ الدعاءِ دعاءُ يومِ عرفةَ ، و أفضلُ ما قلتُ أنا و النبيون من قبلي : لا إلهَ إلَّا اللهُ وحدَه لا شريكَ له.","طلحة بن عبيدالله","صحيح الجامع","حسن"
"لا يَقولَنَّ أحَدُكُم: اللهمَّ اغفِرْ لي إن شِئتَ، اللهمَّ ارحَمْني إن شِئتَ، ليَعزِمْ في الدُّعاءِ ؛ فإنَّ اللهَ صانِعٌ ما شاءَ، لا مُكرِهَ له.","أبو هريرة","صحيح مسلم","[صحيح]"
"كشفَ رَسولُ اللَّهِ صلَّى اللَّهُ عليهِ وسلَّمَ السِّتارةَ والنَّاسُ صفوفٌ خلفَ أبي بَكْرٍ، فقالَ: وأمَّا السُّجودُ فاجتَهِدوا في الدُّعاءِ فقَمِنٌ أن يُستَجابَ لَكُم.","عبدالله بن عباس","صحيح ابن خزيمة","أخرجه في صحيحه"
"عن عمرَ بنِ الخطَّابِ قال إنَّ الدُّعاءَ موقوفٌ بين السَّماءِ والأرضِ لا يصعدُ منه شيءٌ حتَّى تصلِّيَ على نبيِّك صلَّى اللهُ عليه وسلَّم.","سعيد بن المسيب","الترغيب والترهيب","[إسناده صحيح أو حسن أو ما قاربهما]"
"الدعاءُ بين الركنِ اليمانيِّ والحجَرِ الأسودِ قال صلَّى اللهُ عليه وسلم هناك : ربَّنا آتِنا في الدنيا حسنةً وفي الآخرةِ حسنةً وقِنا عذابَ النارِ.","-","سفر السعادة","إسناده صحيح"
"عن عمرَ بنِ الخطابِ قال : إن الدعاءَ موقوفٌ بينَ السماءِ والأرضِ، لا يَصْعَدُ منه شيءٌ حتى تُصَلِّيَ على نبيِّك صلى الله عليه وسلم.","سعيد بن المسيب","صحيح الترمذي","حسن"
"كانَ رَسولُ اللهِ صلَّى اللهُ عليه وسلَّم يَدعو بهذا الدُّعاءِ : اللهمَّ رَبَّنا لك الحَمدُ، مِلءَ السَّمَواتِ، ومِلءَ الأرضِ، ومِلءَ ما شِئتَ مِن شيءٍ بَعدُ.","عبدالله بن أبي أوفى","صحيح مسلم","[صحيح]"
"كان النبيُّ صلَّى اللهُ عليْهِ وسلَّمَ إذا اجتهدَ في الدعاءِ ، قال : جعلَ اللهُ عليكُمْ صلاةَ قومٍ أبرارٍ ، يقومونَ ، ويصومونَ النهارَ ، وليسوا بأئمةٍ ولا فُجارٍ.","أنس بن مالك","علل الأحاديث","رفعه خطأ والصحيح موقوفا"
"كان رسولُ اللهِ صلَّى اللهُ عليه وسلَّم لا يرفَعُ يدَيهِ في شيءٍ مِن الدُّعاءِ إلَّا في الاستسقاءِ فإنَّه كان يرفَعُ يدَيهِ حتَّى يُرى بياضُ إِبْطَيْهِ.","أنس بن مالك","صحيح ابن حبان","أخرجه في صحيحه"
"عنِ ابنِ عبَّاسٍ رَضيَ اللهُ عنهُما: أَفضلُ العبادةِ الدُّعاءُ . وقَرأَ: {وَقَالَ رَبُّكُمُ ادْعُونِي أَسْتَجِبْ لَكُمْ إِنَّ الَّذِينَ يَسْتَكْبِرُونَ عَنْ عِبَادَتِي سَيَدْخُلُونَ جَهَنَّمَ دَاخِرِينَ} [غافر: 60].","مجاهد","المستدرك على الصحيحين","إسناده صحيح"
"عن أنسٍ رضيَ اللهُ عنه أنَّه كان لا يدعو بدعاءٍ إلا ختمَه بهذا الدعاءِ رَبَّنَا آتِنَا فِي الدُّنْيَا حَسَنَةً وَفِي الْآخِرَةِ حَسَنَةً وَقِنَا عَذَابَ النَّارِ.","-","شرح الزركشي على الخرقي","صحيح"
"كان رسولُ اللهِ صلَّى اللهُ عليه وسلَّمَ يَرفَعُ يدَيْه في الدعاءِ حتى أَرَى بياضَ إبْطَيْه، قال أبي -وهو أبو المُعتَمِرِ-: لا أَظُنُّه إلَّا في الاستِسْقاءِ.","أبو هريرة","تخريج المسند لشعيب","إسناده صحيح"
"عن النَّبيِّ صلَّى اللهُ عليه وسلَّمَ في قولِه : وَقَالَ رَبُّكُمُ ادْعُونِي أَسْتَجِبْ لَكُمْ وقال : الدعاءُ هو العبادةُ وقرأ وَقَالَ رَبُّكُمُ ادْعُونِي أَسْتَجِبْ لَكُمْ إلى قولِه دَاخِرِينَ.","النعمان بن بشير","سنن الترمذي","حسن صحيح"
"كان النبيُّ صلَّى اللهُ عليه وسلَّم إذا اجتَهَد لأحدٍ في الدعاءِ ، قال : جعَل اللهُ عليكم صلاةَ قومٍ أبرارٍ ، ليسوا بأثمةٍ ، ولا فجارٍ ، يقومونَ الليلَ ، ويصومونَ النهارَ.","أنس بن مالك","إتحاف الخيرة المهرة","إسناده صحيح على شرط مسلم"
"أنَّ رسولَ اللهِ صلَّى اللهُ عليه وسلَّمَ كان لا يَرفَعُ يَدَيه في شيءٍ منَ الدُّعاءِ ، إلَّا عندَ الاستِسقاءِ؛ فإنَّه كان يَرفَعُ يَدَيه حتى يُرى بَياضُ إبْطَيه.","أنس","تخريج سنن الدارقطني","صحيح"
"كانَ لداودَ نبيِّ اللهِ عليه السَّلامُ ساعةٌ يُوقِظُ فيها أهلَه يقولُ يا آلَ داودَ قوموا فصلُّوا فإنَّ هذه السَّاعةَ يستجيبُ اللهُ فيها الدُّعاءَ إلَّا لساحرٍ أو عاشِرٍ.","عثمان بن أبي العاص الثقفي","الترغيب والترهيب","[فيه] علي بن يزيد وبقية رواته محتج بهم في الصحيح واختلف في سماع الحسن من عثمان"
"رأيتُ رسولَ اللهِ صلى الله عليه وسلم حين اسَتَسْقَى لنا أطالَ الدعاءَ ، وأكثرَ المسألةَ، قال: ثم تَحَوَّلَ إلى القِبْلَةِ، وحَوَّلَ رداءَه فقَلَبَه ظهرًا لبطنٍ، وتحوَّلَ الناسُ معه.","عبدالله بن زيد","نيل الأوطار","أصله في الصحيحين"
"خرجَ رسولُ اللَّهِ متبذِّلاً متواضعًا متضرِّعًا فجلسَ على المنبرِ فلم يخطب خطبتَكم هذِهِ ولَكن لم يزل فى الدُّعاءِ والتَّضرُّعِ والتَّكبيرِ وصلَّى رَكعتينِ كما كانَ يصلِّي في العيدين.","عبدالله بن عباس","صحيح النسائي","حسن"
"لا يَزَالُ يُسْتَجَابُ للعبدِ ما لم يَدْعُ بإثمٍ أو قَطِيعةِ رَحِمٍ ، ما لم يَسْتَعْجِلْ ، يقولُ : قد دَعَوْتُ وقد دَعَوْتُ فلم يُسْتَجَبْ لي ، فيَسْتَحْسِرُ عند ذلك ، ويَدَعُ الدعاءَ.","أبو هريرة","صحيح الجامع","صحيح"
"كانَ النَّبيُّ صلَّى اللَّه عليهِ وعلَى آلِهِ وسلَّمَ إذا اجتَهَدَ لأحدٍ في الدُّعاءِ قالَ : جعلَ اللَّهُ صلاةَ قومٍ أبرارٍ ، يقومونَ اللَّيلَ ، ويصومونَ النَّهارَ ، ليسوا بأثَمةٍ ولا فجَّارٍ.","أنس بن مالك","الصحيح المسند","صحيح"
"كان رسولُ اللهِ صلَّى اللهُ عليه وسلَّم إذا اجتهد في الدُّعاءِ لأحدٍ قال: «جعَلَ اللهُ عليكم صلاةَ قَومٍ أبرارٍ ليسوا بأثَمةٍ ولا فجَّارٍ، يقومون اللَّيلَ ويصومون النَّهارَ».","أنس بن مالك","سبل الهدى والرشاد","إسناده صحيح."
"عن عُمرَ بنِ الخطَّابِ ، رضي اللهُ عنه ، قال : ذُكِر لي أنَّ الدعاءَ يكونُ بين السماءِ والأرضِ لا يصعَدُ منه شيءٌ حتى يصلَّى على النبيِّ صلَّى اللهُ عليه وسلَّم.","سعيد بن المسيب","إتحاف الخيرة المهرة","إسناده موقوف رجاله رجال الصحيح"
"حديثُ الدعاءِ الذي علَّمهُ صلَّى اللهُ عليه وآلهِ وسلم أبا بكرٍ وقد سألهُ أن يعلِّمهُ دعاءً يدعو به في صلاتهِ ، فقال : قلْ : اللهمَّ إنِّي ظلمتُ نفسي ظلمًا كثيرًا.","أبو بكر الصديق","الإنصاف في حقيقة الأولياء","صحيح"
"قد رَأيتُ رسولَ اللهِ صَلَّى اللهُ عليه وسلَّمَ حين استَسقى لنا، أطالَ الدُّعاءَ ، وأكثَرَ المَسألةَ، قال: ثم تحَوَّلَ إلى القِبلةِ، وحوَّلَ رِداءَهُ فقلَبَهُ ظَهرًا لبَطنٍ، وتحَوَّلَ النَّاسُ معه.","عبدالله بن زيد المازني الأنصاري","تخريج المسند لشعيب","صحيح دون قوله: وتحول الناس معه فهو حسن"
"كان لداودَ نبيِّ اللهِ صلواتُ اللهِ وسلامُه عليه ساعةٌ يُوقِظُ فيها أهلَه يقولُ : يا آلَ داودَ قوموا فصلُّوا فإنَّ هذه السَّاعةَ يستجيبُ اللهُ فيها الدُّعاءَ إلَّا لساحرٍ أو عاشرٍ.","عثمان بن أبي العاص الثقفي","الترغيب والترهيب","[فيه] علي بن زيد ، وبقية رواته محتج بهم في الصحيح ، واختلف في سماع الحسن من عثمان"
"قال كعبٌ أنَّ داودَ النَّبيَّ كانَ إذا انصرفَ مِنَ الصَّلاةِ قالَ لا مانعَ لما أعطَيتَ ولا معطيَ لما منَعتَ قالَ كعبٌ : وأخبرني صُهيبٌ أنَّ النَّبيَّ كانَ ينصرِفُ بِهذا الدُّعاءِ.","صهيب بن سنان الرومي","تخريج كتاب السنة","صحيح"
"إنَّ أوفَقَ الدُّعاءِ أنْ يَقولَ الرَّجُلُ: اللَّهمَّ أنتَ رَبِّي، وأنا عَبدُكَ، ظلَمتُ نَفْسي واعتَرَفتُ بذَنبي، يا رَبِّ، فاغفِرْ لي ذَنبي، إنَّكَ أنتَ رَبِّي، إنَّه لا يَغفِرُ الذُّنوبَ إلَّا أنتَ.","أبو هريرة","تخريج المسند لشعيب","إسناده صحيح"
"سمِعْتُ رسولَ اللهِ صلَّى اللهُ عليه وسلَّمَ يقولُ على المِنْبَرِ: إنَّ الدعاءَ هو العبادةُ، ثُمَّ قرَأَ: {ادْعُونِي أَسْتَجِبْ لَكُمْ إِنَّ الَّذِينَ يَسْتَكْبِرُونَ عَنْ عِبَادَتِي سَيَدْخُلُونَ جَهَنَّمَ دَاخِرِينَ} [غافر: 60].","النعمان بن بشير","تخريج شرح السنة","إسناده صحيح"
"كان رسولُ اللهِ صلَّى اللهُ عليه وسلَّم يدعو بهذا الدُّعاءِ ( اللَّهمَّ آتِنا في الدُّنيا حَسنةً وفي الآخرةِ حَسنةً وقِنا عذابَ النَّارِ ) قال شُعبةُ : فذكَرْتُه لِقتادةَ فقال : كان أنَسٌ يدعو به.","أنس بن مالك","صحيح ابن حبان","أخرجه في صحيحه"
"أنَّ رسولَ اللهِ صلَّى اللهُ عليه وسلَّمَ قالَ لهم: أَتُحبُّونَ أيُّها النَّاسُ أنْ تَجتهِدوا في الدُّعاءِ ؟ قالوا: نَعَمْ يا رسولَ اللهِ، قالَ: قولوا: اللَّهُمَّ أَعِنَّا على ذِكرِكَ وشُكرِكَ وحُسنِ عِبادتِكَ.","أبو هريرة","المستدرك على الصحيحين","صحيح"
"أنَّ رسولَ اللهِ صلَّى اللهُ عليهِ وسلَّمَ قال لهم : أتحبُّون أيُّها النَّاسُ أن تَجتهدوا في الدُّعاءِ ؟ قالوا : نعَم يا رسولَ اللهِ . قال : قولوا : اللَّهمَّ أعنَّا علَى ذِكرِك وشُكرِك وحسنِ عبادتِكَ.","أبو هريرة","إتحاف المهرة","[ليس بصحيح]"
"إنَّ الدُّعاءَ هو العِبادةُ، ثُمَّ قَرَأَ: {وَقَالَ رَبُّكُمُ ادْعُونِي أَسْتَجِبْ لَكُمْ إِنَّ الَّذِينَ يَسْتَكْبِرُونَ عَنْ عِبَادَتِي سَيَدْخُلُونَ جَهَنَّمَ دَاخِرِينَ} [غافر: 60]. قال أبو عبدِ الرَّحمنِ: يُسَيعٌ الكِنْديُّ يُسَيعٌ بنُ مَعدانِ.","النعمان بن بشير","تخريج المسند لشعيب","إسناده صحيح"
"لَم يَكُنْ رَسولُ اللهِ صلَّى اللهُ عليه وسلَّم يَرفَعُ يَدَيه في شَيءٍ مِن دُعائِه -وقال يَحيى مَرَّةً: مِنَ الدُّعاءِ - إلَّا في الاستِسقاءِ؛ فإنَّه كان يَرفَعُ يَدَيه حَتَّى يُرى بَياضُ إبْطَيه.","أنس بن مالك","تخريج المسند لشعيب","إسناده صحيح على شرط الشيخين"
"كان أصحابُ النَّبيِّ صلَّى اللَّهُ عليهِ وآلِهِ وسلَّمَ يَتعلَّمونَ الدُّعاءَ كمَا يتعلَّمونَ القُرْآنَ إذا دخل الشَّهرُ أوِ السَّنةُ : اللَّهُمَّ أدْخِلْهُ علينا بالأمْنِ والإيمَانِ والسَّلامَةِ والإسْلامِ وجِوارٍ منَ الشَّيطَانِ ورِضْوانٍ مَنَ الرَّحمَنِ.","عبدالله بن هشام","الإصابة في تمييز الصحابة","موقوف على شرط الصحيح"
"لا يزالُ يُستجابُ للعبدِ ما لَمْ يَدْعُ بإثمٍ أو قطيعةِ رحِمٍ ما لَمْ يستعجِلْ ) قيل : يا رسولَ اللهِ كيفَ يستعجِلُ ؟ قال : ( يقولُ قد دعَوْتُ فلَمْ يُستجَبْ لي فينحسِرُ عندَ ذلكَ فيترُكُ الدُّعاءَ.","أبو هريرة","صحيح ابن حبان","أخرجه في صحيحه"
"«إنَّهم ليَعْلمونَ الآنَ أنَّ الَّذي كنتُ أقولُ لهم في الدُّنيا حقٌّ». وقالَ اللهُ تَعالَى لنَبيِّهِ صلَّى اللهُ عليه وسلَّمَ: {إِنَّكَ لَا تُسْمِعُ الْمَوْتَى وَلَا تُسْمِعُ الصُّمَّ الدُّعَاءَ إِذَا وَلَّوْا مُدْبِرِينَ} [النمل: 80].","عائشة","المستدرك على الصحيحين","صحيح على شرط الشيخين"
"إن رسولَ اللهِ صلى الله عليه وسلم، خرج متبذِّلاً متواضعًا متضرِّعًا، حتى أتى المصلَّى، فلم يخطُب، خطبتَكم هذه، ولكن لم يزل في الدعاءِ والتضرعِ والتكبيرِ، وصلى ركعتين كما كان يصلي في العيدِ.","عبدالله بن عباس","صحيح الترمذي","حسن"
"خرجَ رسولُ اللَّهِ صلَّى اللَّهُ عليهِ وسلَّمَ للاستسقاء مُتبذِّلًا مُتواضعًا متخشِّعًا مُتضرِّعًا ، حتَّى أتى المصلَّى ، فلم يخطُب كخُطبتَكُم هذِهِ ، ولَكِن لم يزَلْ في الدُّعاءِ والتَّضرُّعِ والتَّكبيرِ ، وصلَّى رَكْعتينِ كما كانَ يصلِّي في العيدِ.","عبدالله بن عباس","الكافي لابن قدامة","صحيح"
"سمعتُ عبدَ اللهِ يعني ابنَ مسعودٍ يدعو بهذا الدعاءِ اللهمَّ إني أسألُك بنعمتِك السابغةِ التي أنعمتَ بها وبلائِك الذي ابتليتَني وبفضلِك الذي أفضلتَ علَيَّ أن تدخلَني الجنةَ اللهمَّ أدخلْني الجنةَ بفضلِك ومَنِّك ورحمتِك.","عوف بن مالك بن نضلة أبو الأحوص","مجمع الزوائد","رجاله رجال الصحيح"
"صلُّوا عليَّ واجتهدُوا في الدعاءِ و قولُوا : اللهمَّ صلِّ على محمدٍ، و على آلِ محمدٍ و باركْ على محمدٍ و على آلِ محمدٍ كما باركتَ على ابراهيمِ و آل ابراهيمِ، إنكَّ حميدٌ مجيدٌ.","زيد بن خارجة","الجامع الصغير","صحيح"
"إنَّ رسولَ اللهِ صلَّى اللهُ عليه وسلَّمَ ، خرجَ مُتَبَذِّلًا مُتواضِعًا مُتضرِّعًا ، حتى أتَى المُصَلَّى ، فلمِ يَخْطُبْ ، خُطبتَكمْ هذه ، ولكنْ لم يَزلْ في الدعاءِ والتَضَرُّعِ والتكبِيرِ ، وصلَّى ركعتيْنِ كمَا كان يُصلِّي في العيدِ [ يعني الاسْتِسْقاءَ ].","عبدالله بن عباس","سنن الترمذي","حسن صحيح"
"( لا يزالُ يُستجابُ للعبدِ ما لَمْ يَدْعُ بإثمٍ أو قطيعةِ رحِمٍ ما لَمْ يستعجِلْ ) قيل : يا رسولَ اللهِ ما الاستعجالُ ؟ قال : ( يقولُ : يا ربِّ قد دعَوْتُ وقد دعَوْتُ فما أراكَ تستجيبُ لي فيدَعُ الدُّعاءَ ).","أبو هريرة","صحيح ابن حبان","أخرجه في صحيحه"
"عن أبي أُمامةَ سهلِ بنِ حُنَيفٍ قال السُّنَّةُ في الصَّلاةِ أن يُكبِّرَ ثمَّ يقرأُ بأمِّ القرآنِ ثمَّ يُصلِّي على النَّبيِّ صلَّى اللهُ عليه وآلِه وسلَّم ثمَّ يُخلِصُ الدُّعاءَ للميِّتِ ولا يقرأُ إلَّا في الأُولَى.","سهل بن حنيف","العدة على الإحكام","إسناده صحيح"
"صلُّوا عليَّ و اجْتَهِدُوا في الدعاءِ و قولوا : اللهمَّ صَلِّ على محمدٍ ، و على آلِ محمدٍ و بارِكْ على محمدٍ و على آلِ محمدٍ كما بارَكْتَ على إبراهيمَ و آلِ إبراهيمَ ، إِنَّكَ حَمِيدٌ مَجِيدٌ.","زيد بن خارجة","صحيح الجامع","صحيح"
"لا يَزالُ يُستَجابُ للعَبدِ ما لم يَدعُ بإثمٍ أو قَطيعةِ رَحِمٍ ما لم يَستَعجِلْ، قيلَ: يا رَسولَ اللهِ، ما الاستِعجالُ؟ قال: يقولُ: قد دَعَوتُ وقد دَعَوتُ، فلم أرَ يَستَجيبُ لي، فيَستَحسِرُ عِندَ ذلك ويَدَعُ الدُّعاءَ.","أبو هريرة","صحيح مسلم","[صحيح]"
"أنَّ عبدَ اللهِ بنَ مُغفَّلٍ، سَمِعَ ابنَهُ يقولُ: اللَّهُمَّ إنِّي أَسألُكَ القَصْرَ الأبيضَ عنِ يمينِ الجنَّةِ، قالَ: إنِّي سَمِعْتُ رسولَ اللهِ صلَّى اللهُ عليه وسلَّمَ يقولُ: يكونُ في هذه الأُمَّةِ قومٌ يَعتَدونَ في الدُّعاءِ والطُّهورِ.","عبدالله بن مغفل","المستدرك على الصحيحين","صحيح الإسناد"
"الدعاءُ يَرُدُّ البلاءَ [يعني حديث: بِرُّ الوالدينِ يَزيدُ في العُمُرِ، والكَذِبُ يُنقِصُ مِنَ الرِّزقِ، والدعاءُ يَرُدُّ البلاءَ، ولِلَّهِ في خَلقِه قضاءان، فقضاءٌ نافِذٌ، وقضاءٌ يُنْتَظَرُ، ولِلْأنبياءِ على العلماءِ فضلُ دَرَجَتينِ، وللعلماءِ على الشهداءِ فضلُ دَرَجَةٍ].","[أبو هريرة]","مختصر المقاصد","صحيح"
"عن سعيدِ بنِ المُسيِّبِ أنه قال: السُّنَّةُ في الصلاةِ على الجِنازةِ أنْ يقرأَ بفاتحةِ الكتابِ ويصلَّى على النبيِّ - صلَّى اللهُ عليهِ وسلَّمَ - ثم يخلصُ الدعاءَ للميتِ حتى يفرغَ ولا يقرأُ إلا مرةً واحدةً، ثم يسلمُ.","سعيد بن المسيب","فتح الغفار","رجاله مخرج لهم في الصحيحين"
"السُّنَّةُ في الصلاةِ على الجنازةِ أن تُكَبِّرَ ثم تقرأَ بأمِّ القرآنِ ثم تُصلِّيَ على النبيِّ صلَّى اللهُ عليهِ وسلَّمَ ثم تُخلِصَ الدعاءَ للميتِ ولا تقرأَ إلا في التكبيرةِ الأُولَى ثم تُسلِّمَ في نفسِكَ عن يمينِك.","أبو أمامة بن سهل بن حنيف","إرواء الغليل","سند صحيح رجاله رجال الشيخين وإن كان صورته صورة المرسل فقد بينت الرواية الأولى أن أبا أمامة تلقاه عن رجل من أصحاب النبي صلى الله عليه وسلم"
"السُّنةُ في الصَّلاةِ على الجَنائزِ: أنْ يُكبِّرَ، ثم يَقرَأَ بأُمِّ القرآنِ، ثم يُصلِّيَ على النبيِّ صلَّى اللهُ عليه وسلَّمَ، ثم يُخلِصَ الدُّعاءَ للميِّتِ، ولا يَقرَأَ إلَّا في التكْبيرةِ الأُولى، ثم يُسلِّمَ في نَفْسِه عن يَمينِه.","أبو أمامة بن سهل بن حنيف","تخريج زاد المعاد","إسناده صحيح"
"عن أبي أُمامَةَ بنِ سهلِ بنِ حُنَيفٍ قال السنَّةُ في الصَّلاةِ على الجنازَةِ أن يُكبِّرَ ثمَّ يقرَأُ بأُمِّ القُرآنِ ثمَّ يصلِّي على النَّبيِّ صلَّى اللَّهُ عليهِ وسلَّمَ ثمَّ يُخلِصُ الدُّعاءَ للمَيِّتِ ولا يقرأُ إلا في الأولى.","أبو أمامة بن سهل بن حنيف","فتح الباري لابن حجر","إسناده صحيح"
"عَن أبي الزُّبَيْرِ قالَ : كانَ عبدُ اللَّهِ بنُ الزُّبَيْرِ يُهَلِّلُ في دُبُرِ كلِّ صلاةٍ فذَكَرَ نحوَ هذا الدُّعاءِ زادَ فيهِ ولا حولَ ولا قوَّةَ إلَّا باللَّهِ لا إلَهَ إلَّا اللَّهُ لا نعبدُ إلَّا إيَّاهُ لَهُ النِّعمةُ.","محمد بن مسلم المكي أبو الزبير","صحيح أبي داود","صحيح"
"سَمِعتُ عِمارةَ بنَ رُوَيبةَ وبِشْرُ بنُ مَرْوانَ يَخطُبُ، فرَفعَ يَديْه في الدُّعاءِ ، فَقال عِمارةُ: قَبَّح اللهُ هاتَينِ اليَديْنِ القَصيرَتينِ! لَقد رَأيتُ رَسولَ اللهِ صلَّى اللهُ عليهِ وسلَّم، وَما يَزيدُ على أنْ يَقولَ هَكذا؛ وأَشارَ هُشَيمٌ بِالسَّبَّابةِ.","عمارة بن رويبة","صحيح الترمذي","صحيح"
"قسَم رسولُ اللهِ صلَّى اللهُ عليه وسلَّم بينَنا تمرًا فأصابني منها خمسٌ أو أربعُ تمراتٍ قال: فرأَيْتُ الحشَفةَ هي أشدَّ لضِرْسي قال: فقال أبو هُريرةَ: إنَّ أبخلَ النَّاسِ مَن بخِل بالسَّلامِ وأعجَزَ النَّاسِ مَن عجَز عن الدُّعاءِ.","أبو هريرة","صحيح ابن حبان","أخرجه في صحيحه"
"سمِع ابنَه يقولُ اللَّهمَّ إنِّي أسألُك القصرَ الأبيضَ عن يمينِ الجنَّةِ إذا دخلتُها فقال أيْ بنيَّ سلِ اللهَ الجنَّةَ وعُذْ به من النَّارِ فإنِّي سمِعتُ رسولَ اللهِ صلَّى اللهُ عليه وسلَّم يقولُ سيكونُ قومٌ يعتدون في الدُّعاءِ.","عبدالله بن مغفل","صحيح ابن ماجه","صحيح"
"أنَّه قال في هذه الآيةِ {إِنَّ اللَّهَ يَأْمُرُكُمْ أَنْ تُؤَدُّوا الْأَمَانَاتِ إِلَى أَهْلِهَا} [النساء: 58] - إلى قوله - {إِنَّ اللَّهَ كَانَ سَمِيعًا بَصِيرًا} [النساء: 58] رأَيْتُ النَّبيَّ صلَّى اللهُ عليه وسلَّم يضَعُ إبهامَه على أُذنِه وأُصبُعَه الدَّعَّاءَ على عينِه.","أبو هريرة","صحيح ابن حبان","أخرجه في صحيحه"
"إذا قعدتم في كلِّ ركعتَيْن ، فقولوا : التَّحيَّاتُ للهِ ، والصَّلواتُ ، والطَّيِّباتُ ، السَّلامُ عليك أيُّها النَّبيُّ ، ورحمةُ اللهِ وبركاتُه ، السَّلامُ علينا ، وعلى عبادِ اللهِ الصَّالحين ، أشهدُ أن لا إلهَ إلَّا اللهُ ، وأنَّ محمَّدًا عبدُه ورسولُه ، ثمَّ ليتخيَّرْ من الدُّعاءِ أعجبَه إليه.","عبدالله بن مسعود","السلسلة الصحيحة","إسناده صحيح على شرط مسلم"
"أنَّ أبا بَكرٍ رضِيَ اللهُ عنه دخَلَ على النَّبيِّ صلَّى اللهُ عليه وسلَّمَ لِيُكلِّمَه، وعائشةُ تُصلِّي، فقال رسولُ اللهِ صلَّى اللهُ عليه وسلَّمَ: يا عائشةُ قولي: اللَّهُمَّ إنِّي أسأَلُكَ مِنَ الخَيرِ كلِّه.. ثُم ذكَرَ بَقيَّةَ الحديثِ الدُّعاءَ الذي فيه.","عائشة أم المؤمنين","تخريج مشكل الآثار","إسناده صحيح"
"كانَ رسولُ اللَّهِ صلَّى اللَّهُ عليهِ وسلَّمَ إذا أرادَ أن يَنصرِفَ من صلاتِهِ استغفرَ ثلاثَ مرَّاتٍ، ثمَّ قالَ: اللَّهمَّ أنتَ السَّلامُ، ومنكَ السَّلامُ، تبارَكْتَ يا ذا الجلالِ والإِكْرامِ...وروَى عمرُو بنُ هاشمٍ البَيروتيُّ، عنِ الأوزاعيِّ، فقالَ: ذَكَرَ هذا الدُّعاءَ قبلَ السَّلامِ.","ثوبان، مولى رسول الله صلى الله عليه وسلم","صحيح ابن خزيمة","أخرجه في صحيحه"
"قالت عائشةُ: قُصَّ في الجُمعةِ مرَّةً فإنْ أبَيْتَ فمرَّتَيْنِ فإنْ أبَيْتَ فثلاثَ ولا أُلفِيَنَّكَ تأتي القومَ وهم في حديثِهم فتقطَعَه عليهم ولكِنْ إنِ استمَعوا حديثَكَ فحدِّثْهم واجتنِبِ السَّجعَ في الدُّعاءَ فإنِّي عهِدْتُ النَّبيَّ صلَّى اللهُ عليه وسلَّم وأصحابَه يكرَهونَ ذلكَ.","ابن أبي السائب","صحيح ابن حبان","أخرجه في صحيحه"
"عنِ استسقاءِ رسولِ اللهِ صلَّى اللهُ عليهِ وسلَّمَ قال : إنَّ رسولَ اللهِ صلَّى اللهُ عليهِ وسلَّمَ خرج مُتبذِّلًا متواضعًا مُتضرِّعًا حتى أتى المُصلَّى فلم يخطبْ خطبتَكم هذه ، ولكن لم يزلْ في الدُّعاءِ ، والتَّضرعِ ، والتَّكبيِر ، وصلَّى ركعتَينِ كما كان يُصلِّي في العيدِ.","عبدالله بن عباس","الإلمام بأحاديث الأحكام","[اشترط في المقدمة أنه] صحيح على طريقة بعض أهل الحديث"
"كانَ لداودَ نبيِّ اللَّهِ صلَّى اللَّهُ عليهِ وسلَّمَ منَ اللَّيلِ ] ساعةٌ يوقظُ فيها أهلَهُ يقولُ يا آلَ داودَ قوموا فصلُّوا فإنَّ هذهِ ساعةٌ يستجيبُ اللَّهُ فيها الدُّعاءَ إلَّا لساحرٍ أو عاشرٍ فركبَ كلابُ بنُ أميَّةَ سفينةً فأتى زيادًا فاستعفاهُ فأعفاهُ.","عثمان بن أبي العاص الثقفي","مجمع الزوائد","رجال أحمد رجال الصحيح إلا أن فيه علي بن زيد وفيه كلام وقد وثق‏‏"
"أيها الناسُ إنه لم يَبقَ من مُبَشِّراتِ النُّبُوَّةِ إلا الرؤيا الصالحةُ ، يراها المسلمُ أو تُرى له ، ألا و إني نهيتُ أن أقرأَ القرآنَ راكعًا أو ساجدًا ، فأما الركوعُ فعَظِّموا فيه الربَّ ، و أما السُّجودُ فاجتَهِدوا في الدعاءِ ، فقَمِنٌ أن يُستجابَ لكم.","عبدالله بن عباس","صحيح الجامع","صحيح"
"عن عائشةَ أنَّ رسولَ اللهِ كان يُكْثِرُ أن يقولَ : يامُثَبِّتَ القلوبِ ثبِّتْ قلبي على دينِكَ قلتُ : يا رسولَ اللهِ ، إِنَّكَ تُكْثِرُ أن تدعوَ بهذا الدعاءِ فهل تخافُ ؟ قال نعم وما يُؤَمِنِّي أيْ عائشةُ وقلوبُ العبادِ بينَ إصبعينِ من أصابعِ الرحمنِ ؟.","عائشة أم المؤمنين","تخريج كتاب السنة","صحيح"
"قالتْ عائشةُ قُصَّ في الجمعةِ مرةً، فإنْ أبيتَ فمرتينِ، فإنْ أبيتَ فثلاثًا، ولا أَلْفيَنَّكَ تأتي القومَ وهُمْ في حديثِهِمْ فتقطعَهُ عليهِمْ، ولكنْ إِنِ استمَعوا حديثَكَ فحدِّثْهُمْ، واجتنبْ السجعَ في الدعاءِ ، فإني عهدْتُ النبيَّ صلَّى اللهُ عليهِ وسلَّمَ وأصحابَهُ يكرهونَ ذلكَ.","ابن أبي السائب","صحيح الموارد","صحيح لغيره"
"كان رسولُ اللهِ صلَّى اللهُ عليه وسلَّمَ يَرفَعُ يَدَيْه في الدُّعاءِ حتى يُرى بَياضُ إبْطَيهِ، فذَكَرتُ ذلكَ لعَليِّ بنِ زَيدٍ فقال: إنَّما ذاكَ في الاستِسقاءِ قال: قلتُ: أسَمِعتَه مِن أنَسٍ؟ قال: سُبحانَ اللهِ قال: قلتُ: أسَمِعتَه منه؟ قال: سُبحانَ اللهِ.","أنس بن مالك","تخريج المسند لشعيب","إسناده صحيح على شرط مسلم"
"حديث ابنِ مَسعودٍ رَضِي اللهُ عنه حِين ذكَرَ التَّشهُّدَ، قال: ثمَّ يَتخيَّرْ مِن الدُّعاءِ ما شاءَ. [يعني حديث: كنا إذا صلينا خلفَ رسولِ اللهِ صلَّى اللهُ عليهِ وسلمَ يقولُ الرجلُ منا في صلاتِه : السلامُ على اللهِ السلامُ على فلانٍ يخصُّ فقال لنا رسولُ اللهِ صلَّى اللهُ عليهِ وسلمَ ذاتَ يومٍ : إن اللهَ عزَّ وجلَّ هو السلامُ فإذا قعد أحدُكم في صلاتِه فليقلْ : التحياتُ للهِ والصلواتُ والطيباتُ السلامُ عليك أيُّها النبيُّ ورحمةُ اللهِ وبركاتُه السلامُ علينا وعلى عبادِ اللهِ الصالحينَ فإذا قلتم ذلك فقد سلَّمتم على كلِّ عبدٍ في السمواتِ والأرضِ أشهدُ أن لا إلهَ إلا اللهُ وأشهدُ أن محمدًا عبدُه ورسولُه ثم يتخيرُ بعدُ من الدعاءِ ما شاء أو ما أحبَّ].","عبدالله بن مسعود","فتاوى نور على الدرب لابن عثيمين","[صحيح]"
"يا رسولَ اللهِ، علِّمْني دُعاءً أَدْعو به؛ يَرُدُّ اللهُ عَلَيَّ بَصري، فقالَ له: قُلِ اللَّهُمَّ إنِّي أَسألُكَ، وأَتوجَّهُ إليكَ بنبيِّكَ نبيِّ الرَّحمةِ، يا مُحمَّدُ، إنِّي قد تَوجَّهتُ بكَ إلى ربِّي، اللَّهُمَّ شفِّعْهُ في، وشفِّعْني في نَفسي. فدَعا بهذا الدُّعاءِ ، فَقامَ وقد أَبْصَرَ.","عثمان بن حنيف","المستدرك على الصحيحين","[سكت عنه وقال في المقدمة رواته ثقات احتج بمثله الشيخان أو أحدهما]"
"سُئلَ عبدُ اللهِ رَضيَ اللهُ عنه عنِ الدُّعاءِ الَّذي دَعوتَ به حينَ قالَ النَّبيُّ صلَّى اللهُ عليه وسلَّمَ: سَلْ تُعطَهْ، قالَ: قلتُ: اللَّهُمَّ إنِّي أَسألُكَ إيمانًا لا يَرتدُّ، ونَعيمًا لا يَنفَدُ، ومُرافقةَ نبيِّكَ مُحمَّدٍ صلَّى اللهُ عليه وسلَّمَ في أَعْلى دَرَجِ الجنَّةِ؛ جَنَّةِ الخُلدِ.","عبدالله","المستدرك على الصحيحين","صحيح الإسناد"
"عن صلاةِ رسولِ اللهِ _ صلَّى اللهُ عليه وسلَّم _ في الاستسقاءِ , فقال : خرج رسولُ اللهِ _ صلَّى اللهُ عليه وسلَّم _ متبذلًا متواضعًا متضرِّعًا حتَّى أتَى المصلَّى فرقَى على المنبرِ , ولم يخطُبْ خُطبَكم هذه , ولكن لم يزلْ في الدُّعاءِ والتَّضرُّعِ والتَّكبيرِ , ثمَّ صلَّى ركعتين كما يصلِّي في العيدِ.","عبدالله بن عباس","الأحكام الشرعية الصغرى","[أشار في المقدمة أنه صحيح الإسناد]"
"كنَّا لا نَدري ما نَقولُ بينَ كلِّ رَكْعتينِ غيرَ أن نسبِّحَ ونُكَبِّرَ ونَحمدَ ربَّنا عزَّ وجلَّ، وإنَّ محمَّدًا أوتيَ فواتحَ الكلِمِ وجَوامِعَهُ أو قالَ: وخواتِمَهُ - فقالَ: إذا قَعدتُم في الرَّكعتينِ فَقولوا – فذكر التشَهُّدَ – ثمَّ يَتخيَّرُ أحدُكُم مِنَ الدُّعاءِ أعجبَهُ إليهِ فيَدعو بِهِ ربَّهُ عزَّ وجلَّ.","عبدالله","نخب الافكار","طريقه صحيح"
"كنَّا لا ندري ما نقولُ في كلِّ ركعتينِ غيرَ أنْ نُسبِّحَ ونُكبِّر ونحمدَ ربِّنا ، وإنَّ محمدًا صلَّى اللهُ عليه وسلَّم علَّمَ فواتحَ الخيرِ وخواتمَهُ فقال : إذا قعدتُم في كلِّ ركعتينِ فقولوا : التحياتُ للهِ . . . إلخ ، وليتخيَّرْ أحدُكم من الدعاءِ أعجبَهُ إليه فليدعُ اللهَ عزَّ وجلَّ به.","عبدالله بن مسعود","أصل صفة الصلاة","إسناده صحيح على شرط مسلم"
"إذا قعدتُم في كلِّ رَكعتينِ فقولوا التَّحيَّاتُ [للهِ، والصَّلواتُ، والطَّيِّباتُ، السَّلامُ عليكَ أيُّها النبيُّ ورحمةُ اللهِ وبركاتُهُ، السَّلامَ علينا وعلى عبادِ اللهِ الصالحينَ، أشهَدُ أنْ لا إلهَ إلَّا اللهُ، وأشهَدُ أنَّ مُحمَّدًا عبدُهُ ورسولُهُ،] وليتخيَّر أحدُكم منَ الدُّعاءِ أعجبَهُ إليْهِ فليدعُ اللَّهَ عزَّ وجلَّ به.","[عبدالله بن مسعود]","صفة الصلاة","إسناده صحيح"
"سمِع عبدُ اللهِ بنُ المُغفَّلِ ابنًا له وهو يقولُ : اللَّهمَّ إنِّي أسأَلُ القصرَ الأبيضَ عن يمينِ الجنَّةِ قال : يا بُنيَّ إذا سأَلْتَ فاسأَلِ اللهَ الجنَّةَ وتعوَّذْ به مِن النَّارِ فإنِّي سمِعْتُ رسولَ اللهِ صلَّى اللهُ عليه وسلَّم يقولُ : ( يكونُ في آخِرِ الزَّمانِ قومٌ يعتدونَ في الدُّعاءِ والطُّهورِ ).","عبدالله بن مغفل","صحيح ابن حبان","أخرجه في صحيحه"
"سَمِعَ عبدُ اللهِ بنُ مُغفَّلٍ ابنًا له وهو يقولُ: اللهمَّ إنِّي أسأَلُك القَصرَ الأبيضَ عن يَمينِ الجَنَّةِ إذا دَخَلتُها، فقال: يا بُنَيَّ سَلِ اللهَ الجَنَّةَ، وتَعوَّذْ به من النارِ، فإنِّي سَمِعتُ النَّبيَّ عليه السَّلامُ يقولُ: إنه سيكونُ في هذه الأُمَّةِ قومٌ يَعتَدون في الطُّهورِ، وفي الدُّعاءِ.","عبدالله بن مغفل","شرح ابن ماجه لمغلطاي","إسناده صحيح"
"ادعُ اللهَ أنْ يُعافِيَني ! فقال : إنْ شِئْتَ دعوتُ, وإنْ شِئْتَ صبرتَ ؛ فهو خيرٌ لك ، قال : فادْعُه ! قال : فأمره أن يتوضأَ فَيُحْسِنَ الوُضوءَ, ويَدْعُوَ بهذا الدعاءِ : اللهم ! إني أسألُك وأَتَوَجَّهُ إليك بِنَبِيِّك مُحَمَّدٍ نبيِّ الرحمةِ, إني توجهتُ بك إلى رَبِّي ؛ لِيَقْضِيَ لي في حاجتي هذه, اللهم ! فَشَفِّعْه فِيَّ.","عثمان بن حنيف","هداية الرواة","إسناده صحيح"
"أنَّ عبدَ اللهِ بنَ المُغفَّلِ سمِع ابنًا له يقولُ في دعائِه : اللَّهمَّ إنِّي أسأَلُك القصرَ الأبيضَ عن يمينِ الجنَّةِ إذا دخَلْتُها قال : أيْ بُنَيَّ سَلِ اللهَ الجنَّةَ وتعوَّذْ به مِن النَّارِ فإنِّي سمِعْتُ النَّبيَّ صلَّى اللهُ عليه وسلَّم يقولُ : ( سيكونُ في هذه الأمَّةِ قومٌ يعتَدونَ في الدُّعاءِ والطُّهورِ ).","عبدالله بن مغفل","صحيح ابن حبان","[روي من طريقين محفوظين]"
"كشفَ النَّبيُّ السِّتارةَ ، والنَّاسُ صفوفٌ خلفَ أبي بَكرٍ ، فقالَ : أيُّها النَّاسُ ، إنَّهُ لم يبقَ من مبشِّراتِ النُّبوَّةِ إلَّا الرُّؤيا الصَّالحةُ يراها المسلمُ أو تُرَى لَه ثمَّ قالَ ألا إنِّي نُهيتُ أن أقرأ راكعًا أو ساجدًا فأمَّا الرُّكوعُ فعظِّموا فيهِ الرَّبَّ وأمَّا السُّجودُ فاجتَهدوا في الدُّعاءِ قَمِنٌ أن يُستجابَ لَكم.","عبدالله بن عباس","صحيح النسائي","صحيح"
"إن السُّنَّةَ في الصلاةِ على الجِنازةِ أن يُكبِّرَ الإمامُ ثم يقرأُ بفاتحةِ الكتابِ بعدَ التكبيرةِ الأُولَى ويقرأُ في نفسِه ثم يُصلِّى على النبيِّ ويخلِصُ الدعاءَ للجِنازةِ في التكبيرَتَينِ ولا يقرأْ في شيءٍ منهنَّ ثم يُسلِّمُ سرًّا في نفسِه السنةُ أن يفعلَ مَن وراءَ الإمامِ مثلَ ما يفعلُ إمامُهم.","رجل من أصحاب النبي صلى الله عليه وسلم","إرواء الغليل","صحيح"
"قالَ: كشفَ النَّبيُّ صلَّى اللَّهُ عليهِ وسلَّمَ السِّتارةَ والنَّاسُ صفوفٌ خلفَ أبي بَكْرٍ، فقالَ: أيُّها النَّاسُ إنَّهُ لم يبقَ من مبشِّراتِ النُّبوَّةِ إلَّا الرُّؤيا الصَّالحةُ، يَراها المسلمُ، أو تُرى لَهُ، ألا إنِّي نُهيتُ أن أقرأَ راكعًا أو ساجدًا، فأمَّا الرُّكوعُ فعظِّموا فيهِ الرَّبَّ، وأمَّا السُّجودُ فاجتَهِدوا في الدُّعاءِ فقمِنٌ أن يُستَجابَ لَكُم.","عبدالله بن عباس","صحيح ابن خزيمة","أخرجه في صحيحه"
"كشَف رسولُ اللهِ صلَّى اللهُ عليه وسلَّم السِّتارةَ والنَّاسُ صفوفٌ خَلْفَ أبي بكرٍ فقال : ( أيُّها النَّاسُ إنَّه لَمْ يَبْقَ مِن مُبشِّراتِ النُّبوَّةِ إلَّا الرُّؤيا الصَّالحةُ يراها المُسلِمُ أو تُرَى له ) ثمَّ قال : ( ألَا إنِّي نُهِيتُ أنْ أقرَأَ راكعًا وساجدًا أمَّا الرُّكوعُ فعظِّموا فيه الرَّبَّ وأمَّا السُّجودُ فاجتهِدوا في الدُّعاءِ فقَمِنٌ أنْ يُستجابَ لكم ).","عبدالله بن عباس","صحيح ابن حبان","أخرجه في صحيحه"
"أنَّ النَّبيَّ صلَّى اللَّهُ عليهِ وسلَّمَ كشفَ السِّتارةَ والنَّاسُ صفوفٌ خلفَ أبي بَكْرٍ فقالَ: يا أيُّها النَّاسُ إنَّهُ لم يبقَ من مبشِّراتِ النُّبوَّةِ إلَّا الرُّؤيا الصَّالحةِ ، يَراها المسلِمُ أو تُرى لَهُ ، وإنِّي نُهيتُ أن أقرأَ راكعًا أو ساجدًا. فأمَّا الرُّكوعُ فعظِّموا الرَّبَّ فيهِ ، وأمَّا السُّجودُ فاجتَهِدوا في الدُّعاءِ فقَمِنٌ أن يُستجابَ لَكُم.","عبدالله بن عباس","صحيح أبي داود","صحيح"
"كشَف رسولُ اللهِ صلَّى اللهُ عليه وسلَّم السِّتارةَ في مرضِه الَّذي مات فيه والنَّاسُ صفوفٌ خَلْفَ أبي بكرٍ فقال : ( إنَّه لَمْ يَبْقَ مِن مُبشِّراتِ النُّبوَّةِ إلَّا الرُّؤيا الصَّالحةُ يراها المؤمنُ أو تُرَى له ألَا وإنِّي نُهِيتُ أنْ أقرَأَ راكعًا أو ساجدًا أمَّا الرُّكوعُ فعَظِّموا فيه الرَّبَّ وأمَّا السُّجودُ فاجتهِدوا في الدُّعاءِ فقَمِنٌ أنْ يُستجابَ لكم ).","عبدالله بن عباس","صحيح ابن حبان","أخرجه في صحيحه"
"كُنْتُ أُعوِّذُ رسولَ اللهِ صلَّى اللهُ عليه وسلَّم بدعاءٍ كان جبريلُ يُعوِّذُه به إذا مرِض: ( أذهِبِ البأسَ ربَّ النَّاسِ، تُنزِلُ الشِّفاءَ لا شافي إلَّا أنتَ اشْفِ شفاءً لا يُغادِرُ سَقمًا ) فلمَّا كان في مرَضِه الَّذي توفِّي فيه جعَلْتُ أدعو الدُّعاءَ فقال رسولُ اللهِ صلَّى اللهُ عليه وسلَّم: ( ارفَعي يدَكِ فإنَّها كانت تنفَعُني في المدَّةِ ).","عائشة أم المؤمنين","صحيح ابن حبان","أخرجه في صحيحه"
"كشَف رسولُ اللهِ صلَّى اللهُ عليه وسلَّم السِّتارةَ والنَّاسُ صفوفٌ خلْفَ أبي بكرٍ فقال: ( أيُّها النَّاسُ إنَّه لم يَبْقَ مِن مُبشِّراتِ النُّبوَّةِ إلَّا الرُّؤيا الصَّالحةُ يراها المسلمُ أو تُرى له ) ثمَّ قال: ( ألا إنِّي نُهيتُ أنْ أقرأَ راكعًا أو ساجدًا، أمَّا الرُّكوعُ فعظِّموا فيه الرَّبَّ، وأمَّا السُّجودُ فاجتَهِدوا في الدُّعاءِ فقَمِنٌ أنْ يُستجابَ لكم ).","عبدالله بن عباس","صحيح ابن حبان","أخرجه في صحيحه"
"كنتُ أُعَوِّذُ رسولَ اللهِ صلَّى اللهُ عليهِ وسلَّم بِدُعاءٍ كان جبريلُ عليه السلامُ يُعَوِّذُه به إذا مَرِضَ : أَذْهِبِ البأسَ ، رَبَّ الناسِ ، بِيَدِك الشِّفاءُ ، لا شافِيَ إلا أَنْتَ ، اشفِ شِفاءً لا يُغادِرُ سَقَمًا ، فلما كان في مَرَضِه الذي تُوُفِّيَ فيه ، جعلتُ أُعَوِّذُه بهذا الدعاءِ ، فقال صلَّى اللهُ عليهِ وسلَّم : ارْفَعِي يَدَكِ فإنها كانت تَنْفَعُني في المُدَّةِ.","عائشة أم المؤمنين","موارد الظمآن","هو في الصحيح باختصار"
"أنَّ السُّنَّةَ في الصَّلاةِ علَى الجنازةِ أن يُكَبِّرَ الإمامُ ، ثمَّ يقرأَ بفاتحةِ الكتابِ بعدَ التَّكبيرةِ الأولى سرًّا في نفسِهِ ثمَّ يصلِّي علَى النَّبيِّ صلَّى اللَّهُ علَيهِ وسلَّمَ ويخلصُ الدُّعاءَ للجنازةِ في التَّكبيراتِ الثَّلاثِ لا يقرأُ في شيءٍ منهنَّ ثمَّ يسلِّمُ سرًّا في نفسِهِ حينَ ينصرفُ عن يمينِهِ والسُّنَّةُ أن يفعلَ مَن وراءَهُ مثلَما فعلَ إمامُهُ.","رجل من أصحاب النبي صلى الله عليه وسلم","أحكام الجنائز","صحيح على شرط الشيخين"
"كَشَفَ رَسولُ اللهِ صلَّى اللهُ عليه وسلَّم عَنِ السِّتارةِ، والنَّاسُ صُفوفٌ خَلفَ أبي بَكرٍ، فقال: «أيُّها النَّاسُ، إنَّه لم يَبقَ مِن مُبَشِّراتِ النُّبوةِ إلَّا الرُّؤيا الصَّالِحةُ، يَراها المُسلِمُ، أو تُرى له»، ثُمَّ قال: «ألا إنِّي نُهيتُ أن أقرَأ راكِعًا أو ساجِدًا، فأمَّا الرُّكوعُ فعَظِّموا فيه الرَّبَّ، وأمَّا السُّجودُ فاجتَهِدوا في الدُّعاءِ ؛ فقَمِنٌ أن يُستَجابَ لَكُم».","عبدالله بن عباس","تخريج المسند لشعيب","إسناده صحيح على شرط مسلم"
"أنَّ رجلًا ضريرَ البصرِ أتى النَّبيَّ صلَّى اللهُ عليه وسلَّمَ فقال ادعُ اللهَ أن يُعافيَني قال إن شئتَ دعوتُ وإن شئتَ صبرتَ فهو خيرٌ لك قال فادْعُه قال فأمره أن يتوضأ فيحسنَ وضوءَه ويدعو بهذا الدعاء اللهم إني أسألُك وأتوجَّه إليك بنبيِّك محمدٍ نبيِّ الرحمةِ إني توجَّهتُ بك إلى ربي في حاجتي هذه لتقضىَ لي اللهم فشَفِّعْه فيَّ.","عثمان بن حنيف","سنن الترمذي","حسن صحيح غريب لا نعرفه إلا من هذا الوجه"
"عن أبي أمامةَ بنُ سَهْلٍ بن حُنَيفٍ أنَّهُ أخبرَهُ رجلٌ من أصحابِ النَّبيِّ صلَّى اللَّهُ عليهِ وسلَّمَ أنَّ السُّنَّةَ في الصَّلاةِ على الجنازةِ أن يُكَبِّرَ الإمامُ ثمَّ يقرأُ فاتحةِ الكتابِ بعدَ التَّكبيرةِ الأولى سرًّا في نفسِهِ ثمَّ يصلِّي على النَّبيِّ صلَّى اللَّهُ عليهِ وسلَّمَ ويخلِصُ الدُّعاءَ للجنازةِ في التَّكبيراتِ ولا يقرأُ في شيءٍ منهنَّ ثمَّ يسلِّمُ سرًّا في نفسِهِ.","رجل من أصحاب النبي صلى الله عليه وسلم","جلاء الأفهام","إسناده صحيح"
"أنَّ رجلًا ضريرَ البَصرِ أتى النَّبيَّ صلَّى اللَّهُ علَيهِ وسلَّمَ فقالَ : ادعُ اللَّهَ أن يعافيَني قالَ : إن شئتَ دعوتُ ، وإن شِئتَ صبرتَ فَهوَ خيرٌ لَكَ . قالَ : فادعُهْ ، قالَ : فأمرَهُ أن يتوضَّأَ فيُحْسِنَ وضوءَهُ ويدعوَ بِهَذا الدُّعاءِ : اللَّهمَّ إنِّي أسألُكَ وأتوجَّهُ إليكَ بنبيِّكَ محمَّدٍ نبيِّ الرَّحمةِ ، إنِّي توجَّهتُ بِكَ إلى ربِّي في حاجَتي هذِهِ لتقضى ليَ ، اللَّهمَّ فشفِّعهُ فيَّ.","عثمان بن حنيف","صحيح الترمذي","صحيح"
"لا تقولُوا السلامُ على اللهِ ؛ فإِنَّ اللهَ هوَ السلامُ ، ولكنْ قولُوا : التحيَّاتُ للهِ ، والصلَواتُ والطيِّباتُ ، السلامُ عليْكَ أيُّها النبيُّ ورحمةُ اللهِ وبركاتُهُ ، السلامُ علينا وعلَى عبادِ اللهِ الصالحينَ ؛ فإِنَّكم إذا قلتُم ذلِكَ أصابَ كُلَّ عبدٍ في السماءِ والأرضِ ، أشهدُ أنْ لَا إلهَ إلَّا اللهُ ، وأشهدُ أنَّ محمدًا عبدُهُ ورسولُهُ ، ثُمَّ يتخيَّرُ منَ الدعاءِ أعجبَهُ إليْهِ ، فيدعو بِهِ.","عبدالله بن مسعود","صحيح الجامع","صحيح"
"حَدِّثِ النَّاسَ كُلَّ جُمُعةٍ مَرَّةً، فإن أبَيتَ فمَرَّتَينِ، فإن أكثَرتَ فثَلاثَ مِرارٍ، ولا تُمِلَّ النَّاسَ هذا القُرآنَ، ولا أُلفيَنَّكَ تَأتي القَومَ وهم في حَديثٍ مِن حَديثِهم، فتَقُصُّ عليهم، فتَقطَعُ عليهم حَديثَهم فتُمِلُّهم، ولَكِن أنصِتْ، فإذا أمَروكَ فحَدِّثْهُم وهم يَشتَهونَه، فانظُرِ السَّجعَ مِنَ الدُّعاءِ فاجتَنِبْه؛ فإنِّي عَهِدتُ رَسولَ اللهِ صلَّى اللهُ عليه وسلَّم وأصحابَه لا يَفعَلونَ إلَّا ذلك. يَعني لا يَفعَلونَ إلَّا ذلك الاجتِنابَ.","عبدالله بن عباس","صحيح البخاري","[صحيح]"
"كَشَفَ رَسولُ اللهِ صلَّى اللهُ عليه وسلَّم السِّتارةَ والنَّاسُ صُفوفٌ خَلفَ أبي بَكرٍ، فقال: أيُّها النَّاسُ، إنَّه لَم يَبقَ مِن مُبَشِّراتِ النُّبوَّةِ إلَّا الرُّؤيا الصَّالِحةُ يَراها المُسلِمُ أو تُرى له، ألا وإنِّي نُهيتُ أن أقرَأ القُرآنَ راكِعًا أو ساجِدًا، فأمَّا الرُّكوعُ فعَظِّموا فيه الرَّبَّ عزَّ وجلَّ، وأمَّا السُّجودُ فاجتَهِدوا في الدُّعاءِ ، فقَمِنٌ أن يُستَجابَ لكم. قال أبو بَكرٍ: حَدَّثَنا سُفيانُ، عن سُلَيمانَ.","عبدالله بن عباس","صحيح مسلم","[صحيح]"
"أنَّ رَجُلًا ضَريرًا أتى النَّبيَّ صلَّى اللهُ عليه وسلَّمَ فقالَ: ادعُ اللهَ أن يُعافِيَني. فقالَ: إنْ شِئتَ أخَّرتَ ذلكَ وهو خَيرٌ، وإنْ شِئتَ دَعَوتُ. قالَ: فادْعُهْ. قالَ: فأمَرَه أن يَتَوَضَّأَ فيُحسِنَ وُضوءَه، ويُصَلِّيَ رَكعَتَين، ويَدعُوَ بهذا الدُّعاءِ : اللَّهُمَّ إنِّي أسألُكَ، وأتوَجَّهُ إليكَ بنَبِيِّكَ مُحَمَّدٍ نَبِيِّ الرَّحمةِ، يا مُحَمَّدُ، إنِّي تَوَجَّهتُ بكَ إلى رَبِّي في حاجَتي هذه فتُقضَى لي، اللَّهُمَّ شَفِّعْه فِيَّ وشَفِّعْني فيه.","عثمان بن حنيف","المستدرك على الصحيحين","صحيح على شرط الشيخين"
"عن ابنِ عباسٍ قال : كشف رسولُ اللهِ صلَّى اللهُ عليهِ وسلَّم السِّتارةَ في مرضِه , والناسُ صفوفٌ خلفَ أبي بكرٍ , فقال : أيها الناسُ, أنه لم يَبْقَ من مُبشِّراتِ النُّبوَّةِ إلا الرُّؤيا الصالحةُ يراها المسلمُ أو تُرى له ؛ ثم قال : ألا إني نُهيتُ أن أقرأ راكعًا أو ساجدًا , فأما الركوعُ , فعَظِّموا فيه الرَّبَّ ؛ و أما السجودُ, فاجتهِدوا في الدُّعاءِ ، فقَمِنٌ أن يُستجابَ لكم.","عبدالله بن عباس","التمهيد","صحيح"
"أنَّ رجلًا ضريرَ البصَرِ أتى النَّبيَّ صلَّى اللَّهُ عليْهِ وسلَّمَ فقالَ ادعُ اللَّهَ لي أن يعافِيَني فقالَ إن شئتَ أخَّرتُ لَكَ وَهوَ خيرٌ وإن شئتَ دعوتُ فقالَ ادعُهُ فأمرَهُ أن يتوضَّأَ فيحسنَ وضوءَهُ ويصلِّيَ رَكعتينِ ويدعوَ بِهذا الدُّعاءِ اللَّهمَّ إنِّي أسألُكَ وأتوجَّهُ إليْكَ بمحمَّدٍ نبيِّ الرَّحمةِ يا محمَّدُ إنِّي قد توجَّهتُ بِكَ إلى ربِّي في حاجتي هذِهِ لتقضى اللَّهمَّ شفِّعْهُ فيَّ.","عثمان بن حنيف","صحيح ابن ماجه","صحيح"
"كشفَ رسولُ الله صلَّى اللَّهُ عليهِ وسلَّمَ السِّترَ ورأسُه معصوبٌ في مرضِه الَّذي ماتَ فيهِ فقالَ اللَّهمَّ قد بلَّغتُ ـ ثلاثَ مرَّاتٍ ـ إنَّهُ لم يبقَ من مبشِّراتِ النُّبوَّةِ إلَّا الرُّؤيا الصَّالحةُ يراها العبدُ أو ترى لَه ألا وإنِّي قد نُهيتُ عنِ القراءةِ في الرُّكوعِ والسُّجودِ فإذا رَكعتُم فعظِّموا ربَّكم وإذا سجدتُم فاجتَهدوا في الدُّعاءِ فإنَّهُ قمنٌ أن يستجابَ لَكم.","عبدالله بن عباس","صحيح النسائي","صحيح"
"اللَّهمَّ فشفِّعْهُ فيَّ [يعني حديث: أنَّ رجلًا ضريرَ البصرِ أتى النَّبيَّ صلَّى اللهُ عليه وسلَّمَ فقال ادعُ اللهَ أن يُعافيَني قال إن شئتَ دعوتُ وإن شئتَ صبرتَ فهو خيرٌ لك قال فادْعُه قال فأمره أن يتوضأ فيحسنَ وضوءَه ويدعو بهذا الدعاء اللهم إني أسألُك وأتوجَّه إليك بنبيِّك محمدٍ نبيِّ الرحمةِ إني توجَّهتُ بك إلى ربي في حاجتي هذه لتقضىَ لي اللهم فشَفِّعْه فيَّ].","[عثمان بن حنيف]","التوسل للألباني","إسناده صحيح"
"أنَّ رجلًا ضريرَ البصرِ أتى النَّبيَّ صلَّى اللَّهُ عليهِ وعلَى آلِهِ وسلَّمَ فقالَ: ادعُ اللَّهَ أن يُعافيَني قالَ: إن شئتَ دعَوتُ لك وإن شئتَ صَبرتَ فَهوَ خيرٌ لَكَ. قالَ: فادعُهْ ، قالَ: فأمرَهُ أن يتوضَّأَ فيُحْسِنَ وضوءَهُ ويدعوَ بِهَذا الدُّعاءِ : اللَّهُمَّ إنِّي أسألُكَ وأتوجَّهُ إليكَ بنبيِّكَ محمَّدٍ نبيِّ الرَّحمةِ ، إنِّي أتوجَّهُ بِكَ إلى ربِّي في حاجَتي هذِهِ لتُقضَى ليَ ، اللَّهمَّ فشفِّعهُ فيَّ.","عثمان بن حنيف","الصحيح المسند","صحيح"
"بسمِ اللهِ الذي لا يَضُرُّ مع اسمِه شيءٌ في الأرضِ ولا في السَّماءِ وهو السميعُ العَليمُ، فقالها حينَ يُمْسي، لم تَفْجأْهُ فاجئةُ بَلاءٍ حتى يُصبِحَ، وإنْ قالَها حينَ يُصبِحُ لم تَفْجأْهُ فاجئةُ بَلاءٍ حتى يُمْسيَ.","عثمان","تخريج مشكل الآثار","إسناده صحيح."
"عن عُثمانَ بنِ حُنَيفٍ أنَّ رجُلًا ضريرَ البصَرِ أتى النَّبيَّ صلَّى اللهُ عليه وسلَّمَ، فقال: ادْعُ اللهَ أن يُعافِيَني، قال: (إن شِئتَ دَعوتُ، وإن شئتَ صبَرتَ، فهو خيرٌ لك). قال: فادْعُه، قال: فأمَرَه أن يتَوضَّأَ، فيُحسِنَ وُضوءَه، ويَدعُوَ بهذا الدُّعاءِ : (اللَّهمَّ إنِّي أسأَلُك وأتوجَّهُ إليك بنَبيِّك محمَّدٍ نبيِّ الرَّحمةِ، إنِّي توَجَّهتُ بك إلى ربِّي في حاجتي هذه لِتَقضِيَ لي، اللَّهمَّ فشَفِّعْه فيَّ)!.","عثمان بن حنيف","تخريج شرح الطحاوية","سند صحيح"
"كانَ رَسولُ اللهِ صلَّى اللهُ عليه وسلَّم يَدعو بهذا الدُّعاءِ : اللهُمَّ رَبَّنا لَكَ الحَمدُ مِلءَ السَّماءِ، ومِلءَ الأرضِ، قال حَجَّاجٌ: مِلءَ السَّماءِ، ومِلءَ الأرضِ، ومِلءَ ما شِئتَ مِن شَيءٍ بَعدُ، قال مُحَمَّدٌ: قال شُعبةُ: وحَدَّثَني أبو عِصمةَ، عَن سُلَيمانَ الأعمَشِ، عَن عُبَيدٍ، عَن عَبدِ اللهِ بنِ أبي أوفى: إنَّ النَّبيَّ صلَّى اللهُ عليه وسلَّم كان يَدعو إذا رَفَعَ رَأسَه مِنَ الرُّكوعِ.","ابن أبي أوفى","تخريج المسند لشعيب","إسناده صحيح"
"ألا وإنَّا كنَّا لا ندري ما نقولُ في كلِّ رَكْعتينِ إلَّا أن نسبِّحَ ونُكَبِّرَ ونحمدَ ربَّنا، وأنَّ مُحمَّدًا علمَ فواتحَ الخيرِ وجوامعَهُ، فقالَ: إذا قعدتُمْ في كلِّ رَكْعتينِ فقولوا: التَّحيَّاتُ للَّهِ والصَّلَواتُ الطَّيِّباتُ، السَّلامُ عليكَ أيُّها النَّبيُّ ورحمةُ اللَّهِ وبرَكاتُهُ، السَّلامُ علَينا وعلى عِبادِ اللَّهِ الصَّالحينَ، أشهَدُ أن لا إلَهَ إلَّا اللَّهُ وأشهدُ أنَّ محمَّدًا عبدُهُ ورسولُهُ، ثمَّ يتخيَّرُ أحدُكُم منَ الدُّعاءِ أعجبَهُ، فليدعُ بِهِ.","عبدالله بن مسعود","صحيح ابن خزيمة","أخرجه في صحيحه"
"أنَّ رَجلًا ضَريرًا أَتى النَّبيَّ صلَّى اللهُ عليه وسلَّمَ، فقالَ: ادعُ اللهَ تَعالَى أنْ يُعافيَني، قالَ: إنْ شئتَ أَخَّرتُ ذلك، وإنْ شئتَ دَعوتُ، قالَ: فادعُهُ، قالَ: فأَمَرَهُ أنْ يَتوضَّأَ، فيُحسِنَ الوُضوءَ، ويُصلِّيَ رَكعتينِ، ويَدعوَ بهذا الدُّعاءِ : اللَّهُمَّ أَسألُكَ، وأَتوجَّهُ إليكَ بنبيِّكَ مُحمَّدٍ صلَّى اللهُ عليه وسلَّمَ نبيِّ الرَّحمةِ، يا مُحمَّدُ إنِّي أَتوجَّهُ بكَ إلى ربِّكَ في حاجتي هذه فتَقضيها لي، اللَّهُمَّ شَفِّعْهُ فيَّ وشَفِّعْني فيه.","عثمان بن حنيف","المستدرك على الصحيحين","صحيح الإسناد"
"أخبرني أبو أُمامةَ بنُ سَهلِ بنِ حُنَيفٍ -وكان من أكابِرِ الأنصارِ وعُلَمائِهم، ومن أبناء الذين شَهِدوا بدرًا مع النَّبيِّ صلَّى اللهُ عليه وسلَّم- أنَّه أخبَرَه رجالٌ من أصحابِ رَسولِ اللهِ صلَّى اللهُ عليه وسلَّم في الصَّلاةِ على الجِنازةِ أن يُكَبِّرَ الإمامُ ثمَّ يصلِّيَ على النَّبيِّ ثمَّ يُخلِصَ الدُّعاءَ للمَيِّتِ في التَّكبيراتِ الثَّلاثِ، ثمَّ يُسَلِّمَ تَسليمًا خفيفًا حين ينصَرِفُ، والسُّنَّةُ أن يَفعَلَ مَن وراءَ الإمامِ مِثلَ ما فَعَل.","رجال من أصحاب رسول الله صلى الله عليه وسلم","الفتوحات الربانية","صحيح لكنه موقوف"
"عن عثمانَ بنِ حُنَيفٍ، أنَّ رجُلًا ضَريرَ البصرِ أَتى النَّبيَّ صلَّى اللهُ عليه وسلَّمَ، فقال: ادْعُ اللهَ أنْ يُعافيَني، قال: إنْ شِئتَ دعَوْتُ لك، وإنْ شِئتَ أَخَّرْتُ ذاك؛ فهو خَيرٌ. فقال: ادْعُهُ. فأمَرَه أنْ يَتوضَّأَ فيُحسِنَ وُضوءَه، ويُصلِّيَ رَكعتَينِ، ويَدْعوَ بهذا الدعاءِ : اللَّهمَّ إنِّي أَسألُك وأَتَوجَّهُ إليك بنَبيِّك محمَّدٍ نَبيِّ الرحمةِ، يا محمَّدُ، إنِّي تَوجَّهْتُ بك إلى ربِّي في حاجَتي هذه فتُقْضى لي، اللَّهمَّ شَفِّعْهُ فيَّ.","عثمان بن حنيف","تخريج المسند لشعيب","إسناده صحيح"
"أنَّ النَّبيَّ صلَّى اللَّهُ عليهِ وسلَّمَ كشفَ السِّترَ فرأَى النَّاسَ قيامًا وراءَ أبي بَكْرٍ يصلُّونَ، فقالَ: اللَّهمَّ هل بلَّغتُ إنَّهُ لم يبقَ مِن مبشِّراتِ النُّبوَّةِ إلَّا الرُّؤيا الصَّالحةُ يرَاها المسلِمُ لنَفسِهِ أو تُرَى لَهُ، وإنِّي نُهيتُ أن أقرأَ راكعًا أو ساجدًا، فأمَّا الرُّكوعُ فعظِّموا فيهِ الرَّبَّ، وأمَّا السُّجودُ فأَكْثروا فيهِ الدُّعاءَ ؛ فإنَّهُ قمِنٌ أن يُستَجابَ لَكُم - وفي روايةٍ - أنَّ النَّبيَّ صلَّى اللَّهُ عليهِ وسلَّمَ رفعَ السِّترَ والنَّاسُ قيامٌ يصلُّونَ.","عبدالله بن عباس","صحيح ابن خزيمة","أخرجه في صحيحه"
"أنَّ رجلًا ضريرًا أتى النَّبيَّ صلَّى اللَّهُ عليهِ وسلَّمَ، فقالَ : ادعُ اللَّهَ لي أن يعافيَنيَ، قالَ: فإن شَئتَ أخَّرتُ ذلِكَ فَهوَ خيرٌ لَكَ، وإن شئتَ دعوتُ اللَّهَ، قالَ: فادعُهُ قالَ : فأمرَهُ أن يتوضَّأَ فيُحْسِنَ الوضوءَ، ويصلِّيَ رَكْعتينِ ويدعوَ بِهَذا الدُّعاءِ : اللَّهمَّ إنِّي أسألُكَ وأتوجَّهُ إليكَ بنبيِّكَ محمَّدٍ صلَّى اللَّهُ عليهِ وسلَّمَ نبيِّ الرَّحمةِ، يا محمَّدُ إنِّي أتوجَّهُ بِكَ إلى ربِّي في حاجَتي هذِهِ فتَقضيها لي ، اللَّهمَّ شفِّعهُ فيَّ وشفِّعني في نَفسي.","عثمان بن حنيف","دلائل النبوة","روي بإسناد صحيح"
"دعاء ابن عمرَ المَذْكُور بعد التكبيرِ والتّهليل لنفسِهِ يعني : عن ابن عمرَ رضي الله عنهما أنه كانَ إذا خرجَ للسّعْي بدأ بالصّفا ، ثم يدعو بعدَ التّهليلِ والتّكببرِ لنفْسِهِ ، فإذا فرغَ من الدعاءِ نزلَ من الصفا ، ويمْشِي حتى يكونَ بينهُ وبين المِيلِ الأخضَرِ المُعَلّقِ بفنَاءِ المسجدِ نحو من ستة أذْرُع ٍ، فيسعى سعيا شديدا حتى يُحاذِي المِيلينِ الأخضرين اللذين بفناء المسجدِ وحِذَاء دارِ العباسِ ، ثم يمشي حتى يصعدَ المروةَ.","نافع مولى ابن عمر","المجموع للنووي","دعاء ابن عمر المذكور بعد التكبير والتهليل لنفسه فصحيح"
"كُنَّا لا نَدْري ما نقولُ في كلِّ ركعتَيْنِ، غيرَ أنْ نُسبِّحَ ونُكبِّرَ ونَحمَدَ ربَّنا، وإنَّ مُحمَّدًا صلَّى اللهُ عليه وسلَّمَ عَلَّمَ فواتِحَ الخيرِ وخواتمَهِ، فقال: إذا قعَدْتُمْ في كلِّ ركعتَيْنِ، فقولوا: التَّحيَّاتُ للهِ، والصَّلواتُ، والطَّيِّباتُ، السَّلامُ عليكَ أيُّها النبيُّ ورحمةُ اللهِ وبركاتُهُ، السَّلامَ علينا وعلى عبادِ اللهِ الصالحينَ، أشهَدُ أنْ لا إلهَ إلَّا اللهُ، وأشهَدُ أنَّ مُحمَّدًا عبدُهُ ورسولُهُ، وَلْيتخيَّرْ أحدُكم مِنَ الدُّعاءِ أَعْجَبَهَ إليه، فَلْيَدْعُ اللهَ عزَّ وجلَّ.","عبدالله بن مسعود","صحيح النسائي","صحيح"
"كنَّا لا ندري ما نقولُ في كلِّ ركعتَيْنِ إلَّا أنْ نُسبِّحَ ونُكبِّرَ ونحمَدَ ربَّنا، وإنَّ محمَّدًا صلَّى اللهُ عليه وسلَّم عُلِّم فواتحَ الخيرِ وخواتمَه أو قال جوامعَه، وإنَّه قال لنا: ( إذا قعَدْتُم في كلِّ ركعتَيْنِ فقولوا: التَّحيَّاتُ للهِ والصَّلواتُ والطَّيِّباتُ السَّلامُ عليك أيُّها النَّبيُّ ورحمةُ اللهِ وبركاتُه السَّلامُ علينا وعلى عبادِ اللهِ الصَّالحينَ أشهَدُ أنْ لا إلهَ إلَّا اللهُ وأشهَدُ أنَّ محمَّدًا عبدُه ورسولُه ثمَّ لِيتخيَّرْ مِن الدُّعاءِ ما أعجَبه فليَدْعُ به ربَّه ).","عبدالله بن مسعود","صحيح ابن حبان","أخرجه في صحيحه"
"قالت عائشةُ لابنِ أبي السائبِ قاصِّ أهلِ المدينةِ ثلاثًا لتتابعَنِّي عليهنَّ أو لأناجِزَنَّك قال وما هنَّ بل أتابعُك أنا يا أمَّ المؤمنينَ قالت اجتنبِ السجعَ في الدعاءِ فإن رسولَ اللهِ صلَّى اللهُ عليه وسلَّم وأصحابَه كانوا لا يفعلون ذلك وقُصَّ على الناسِ في كلِّ جمعةٍ مرةً فإن أبيتَ فثِنتينِ فإن أبيتَ فثلاثٍ ولا تمكنِ الناسَ هذا الكتابَ ولا ألفيَنَّك تأتي القومَ وهم في حديثِهم فتقطعَ عليهم حديثَهم ولكن اتركْهم فإذا حدَوك عليه وأمروك به فحدِّثْهم.","عائشة أم المؤمنين","مجمع الزوائد","رجاله رجال الصحيح"
"أنَّ رجلًا ضريرًا أتى النَّبيَّ صلَّى اللَّهُ عليهِ وسلَّمَ، فقالَ: ادعُ اللَّهَ أن يعافيَني قالَ: إنَّ شئتَ أخَّرتُ ذلِكَ، وَهوَ خيرٌ، وإن شئتَ دعوتُ قالَ أبو موسى قالَ: فادعُهُ، وقالا: فأمرَهُ أن يتوضَّأَ قالَ بُندارٌ: فيُحسِنَ، وقالا: ويصلِّيَ رَكْعتينِ ويدعو بِهَذا الدُّعاءِ : اللَّهمَّ إنِّي أسألُكَ وأتوجَّهُ إليكَ بنبيِّكَ محمَّدٍ نبيِّ الرَّحمةِ، يا محمَّدُ إنِّي توجَّهتُ بِكَ إلى ربِّي في حاجَتي هذِهِ فتُقضَى لي، اللَّهمَّ شفِّعهُ فيَّ، زادَ أبو موسى: وشفِّعني فيهِ قالَ: ثمَّ كأنَّهُ شَكَّ بعدُ في: وشفِّعني فيهِ.","عثمان بن حنيف","صحيح ابن خزيمة","أخرجه في صحيحه"
"أنَّ رجلًا ضريرَ البصرِ أتى النَّبيَّ صلَّى اللهُ عليهِ وسلَّمَ فقال : ادعُ اللهَ أن يُعافِيَني . قال : إن شئتَ دعوتُ لك ، وإن شئتَ أخَّرتُ ذاك ، فهو خيرٌ ، ( وفي روايةٍ : وإن شئتَ صبرتَ فهو خيرٌ لك ) ، فقال : ادعُه . فأمره أن يتوضَّأ فيحسنُ وُضوءَه ، فيصلِّي ركعتَينِ ، ويدعو بهذا الدعاءِ : اللهمَّ إني أسألُك ، وأتوجَّه إليك بنبيِّك محمدٍ نبيِّ الرحمةِ ، يا محمدُ إني توجَّهتُ بك إلى ربي في حاجتي هذه فتُقضَى لي ، اللهمَّ فَشَفِّعْه فيَّ "" وشفِّعْني فيه "" قال ففعل الرجلُ ، فبرئ.","عثمان بن حنيف","التوسل للألباني","إسناده صحيح"
"يا عائشةُ، عليكِ بجُمَلِ الدعاءِ و جوامعِه قولي : اللهم إني أسألك من الخير كلِّه، عاجلِه و آجلِه، ما علمتُ منه و ما لم أعلمُ، وَأَعُوذُ بِكَ مِنَ الشَّرِّ كُلِّهِ عَاجِلِهِ وآجِلهِ، مَا علمت وَمَا لَم أَعْلَمُ، و أسألك الجنةَ و ما قرَّب إليها من قولٍ أو عملٍ، و أعوذُ بك من النَّارِ و ما قرَّب إليها من قولٍ أو عملٍ و أسألك مما سألك به محمدٌ، و أعوذ بك مما تعوَّذَ منه محمدٌ، و ما قضيتَ لي قضاءً فاجعل عاقبتَه رَشَدًا.","عائشة أم المؤمنين","صحيح الأدب المفرد","صحيح"
"كُنَّا إذا كُنَّا مع النَّبيِّ صلَّى اللهُ عليه وسلَّم في الصَّلاةِ، قُلنا: السَّلامُ على اللهِ مِن عِبادِه، السَّلامُ على فُلانٍ وفُلانٍ، فقال النَّبيُّ صلَّى اللهُ عليه وسلَّم: لا تَقولوا السَّلامُ على اللهِ؛ فإنَّ اللهَ هو السَّلامُ، ولَكِن قولوا: التَّحيَّاتُ للَّهِ والصَّلَواتُ والطَّيِّباتُ، السَّلامُ عليك أيُّها النَّبيُّ ورَحمةُ اللهِ وبَرَكاتُه، السَّلامُ علينا وعلى عِبادِ اللهِ الصَّالِحينَ؛ فإنَّكُم إذا قُلتُم أصابَ كُلَّ عَبدٍ في السَّماءِ أو بينَ السَّماءِ والأرضِ، أشهَدُ أن لا إلَهَ إلَّا اللهُ، وأشهَدُ أنَّ مُحَمَّدًا عَبدُه ورَسولُه، ثُمَّ يَتَخَيَّرُ مِنَ الدُّعاءِ أعجَبَه إليه، فيَدعو.","عبدالله بن مسعود","صحيح البخاري","[صحيح]"
"أنَّ النَّبيِّ صلَّى اللَّهُ عليهِ وسلَّمَ علَّمَها هذا الدُّعاءَ : اللَّهمَّ إنِّي أسألُكَ مِنَ الخيرِ كُلِّه، عاجِلِه وآجِلِه، ما علمتُ منهُ وما لم أعلمْ، وأعوذُ بكَ مِنَ الشَّرِّ كلِّه، عاجِلِه وآجِلِه، ما علمتُ منهُ وما لم أعلمْ، اللَّهمَّ إنِّي أسألُكَ مِن خيرِ ما سألكَ عبدُكَ ونبيُّكَ، وأعوذُ بكَ مِن شرِّ ما عاذَ منه عبدُكَ ونبيُّكَ، اللَّهمَّ إنِّي أسألُكَ الجنَّةَ وما قرَّبَ إليها مِن قولٍ أو عملٍ، وأعوذُ بكَ مِنَ النَّارِ وما قرَّبَ إليها من قولٍ أو عملٍ، وأسألُكَ أن تجعلَ كلَّ قضاءٍ قضيتَهُ لي خيرًا.","عائشة أم المؤمنين","بلوغ المرام","صحيح"
"بينما ابنُ مسعودٍ في المسجدِ وهو يدعو مر رسولُ اللهِ صلَّى اللهُ عليه وسلَّم وأبو بكرٍ فلما حاذاه رسولُ اللهِ صلَّى اللهُ عليه وسلَّم سمع دعاءَه ورسولُ اللهِ صلَّى اللهُ عليه وسلَّم لا يعرفُه فقال من هذا سلْ تُعطَه فرجع أبو بكرٍ إلى عبدِ اللهِ بنِ مسعودٍ فقال الدعاءُ الذي كنتَ تدعو به فقال حمدتُ اللهَ ومجَّدتُه ثم قلت اللهمَّ لا إلهَ إلا أنت وعدُك حقٌّ ولقاؤُك حقٌّ وكتابُك حقٌّ والنبيونَ حقٌّ ومحمدٌ صلَّى اللهُ عليه وسلَّم حقٌّ والجنةُ حقٌّ والنارُ حقٌّ ورسلُك حقٌّ.","عبدالله بن عتبة بن مسعود","مجمع الزوائد","رجاله رجال الصحيح‏‏"
"أنَّ رسولَ اللَّهِ صلَّى اللَّهُ علَيهِ وسلَّمَ علَّمَها هذا الدُّعاءَ : اللَّهمَّ إنِّي أسألُكَ مِنَ الخيرِ كلِّهِ عاجلِهِ وآجلِهِ ، ما عَلِمْتُ منهُ وما لم أعلَمْ ، وأعوذُ بِكَ منَ الشَّرِّ كلِّهِ عاجلِهِ وآجلِهِ ، ما عَلِمْتُ منهُ وما لم أعلَمْ ، اللَّهمَّ إنِّي أسألُكَ من خيرِ ما سألَكَ عبدُكَ ونبيُّكَ ، وأعوذُ بِكَ من شرِّ ما عاذَ بِهِ عبدُكَ ونبيُّكَ ، اللَّهمَّ إنِّي أسألُكَ الجنَّةَ وما قرَّبَ إليها من قَولٍ أو عملٍ ، وأعوذُ بِكَ منَ النَّارِ وما قرَّبَ إليها من قولٍ أو عملٍ ، وأسألُكَ أن تجعلَ كلَّ قَضاءٍ قضيتَهُ لي خيرًا.","عائشة أم المؤمنين","صحيح ابن ماجه","صحيح"
"كنَّا إذا جلَسْنا خلْفَ رسولِ اللهِ صلَّى اللهُ عليه وسلَّم قُلْنا: السَّلامُ على اللهِ قبْلَ عبادِه السَّلامُ على جبريلَ السَّلامُ على ميكائيلَ السَّلامُ على فلانٍ وفلانٍ فلمَّا انصرَف رسولُ اللهِ صلَّى اللهُ عليه وسلَّم مِن الصَّلاةِ قال: ( إنَّ اللهَ هو السَّلامُ فإذا جلَس أحدُكم في الصَّلاةِ فليكُنْ مِن أوَّلِ قولِه: التَّحيَّاتُ للهِ والصَّلواتُ والطَّيِّباتُ السَّلامُ عليك أيُّها النَّبيُّ ورحمةُ اللهِ وبركاتُه السَّلامُ علينا وعلى عبادِ اللهِ الصَّالحينَ - فإذا قالها أصابت كلَّ عبدٍ صالحٍ في السَّماءِ والأرضِ - أشهَدُ أنْ لا إلهَ إلَّا اللهُ وأشهَدُ أنَّ محمَّدًا عبدُه ورسولُه ثمَّ يتخيَّرُ مِن الدُّعاءِ ما أحَبَّ ).","عبدالله بن مسعود","صحيح ابن حبان","أخرجه في صحيحه"
"( دَعْ ما يَريبُكَ إلى ما لا يَريبُكَ ) قال ( الخيرُ طُمأنينةٌ والشَّرُّ رِيبةٌ )","الحسن بن علي","صحيح ابن حبان","أخرجه في صحيحه"
"كنا إذا صلينا خلفَ رسولِ اللهِ صلَّى اللهُ عليهِ وسلمَ يقولُ الرجلُ منا في صلاتِه : السلامُ على اللهِ السلامُ على فلانٍ يخصُّ فقال لنا رسولُ اللهِ صلَّى اللهُ عليهِ وسلمَ ذاتَ يومٍ : إن اللهَ عزَّ وجلَّ هو السلامُ فإذا قعد أحدُكم في صلاتِه فليقلْ : التحياتُ للهِ والصلواتُ والطيباتُ السلامُ عليك أيُّها النبيُّ ورحمةُ اللهِ وبركاتُه السلامُ علينا وعلى عبادِ اللهِ الصالحينَ فإذا قلتم ذلك فقد سلَّمتم على كلِّ عبدٍ في السمواتِ والأرضِ أشهدُ أن لا إلهَ إلا اللهُ وأشهدُ أن محمدًا عبدُه ورسولُه ثم يتخيرُ بعدُ من الدعاءِ ما شاء أو ما أحبَّ.","عبدالله بن مسعود","تخريج المسند لشاكر","إسناده صحيح"
"كنا إذا جلسنا معَ النبيِّ صلَّى اللهُ عليهِ وسلمَ في الصلاةِ قلنا : السلامُ على اللهِ قبلَ عبادِه السلامُ على جبريلَ السلامُ على ميكائيلَ السلامُ على فلانٍ السلامُ على فلانٍ قال : فسمِعَنا رسولُ اللهِ صلَّى اللهُ عليهِ وسلمَ فقال : إن اللهَ هو السلامُ فإذا جلس أحدُكم في الصلاةِ فليقلْ : التحياتُ للهِ والصلواتُ والطيباتُ السلامُ عليك أيُّها النبيُّ ورحمةُ اللهِ وبركاتُه السلامُ علينا وعلى عبادِ اللهِ الصالحينَ فإذا قالها أصابت كلَّ عبدٍ صالحٍ في السماءِ والأرضِ أشهدُ أن لا إلهَ إلا اللهُ وأشهدُ أنَّ محمدًا عبدُه ورسولُه ثم يتخيرُ بعدُ من الدعاءِ ما شاءَ.","عبدالله بن مسعود","تخريج المسند لشاكر","إسناده صحيح"
"كنا إذا جلسنا معَ رسولِ اللهِ صلَّى اللهُ عليهِ وسلمَ في الصلاةِ قلنا : السلامُ على اللهِ من عبادِه السلامُ على فلانٍ وفلانٍ فقال رسولُ اللهِ صلَّى اللهُ عليهِ وسلمَ : لا تقولوا السلامُ على اللهِ فإن اللهَ هو السلامُ ولكن إذا جلس أحدُكم فليقلْ : التحياتُ للهِ والصلواتُ والطيباتُ السلامُ عليك أيُّها النبيُّ ورحمةُ اللهِ وبركاتُه السلامُ علينا وعلى عبادِ اللهِ الصالحينَ فإنكم إذا قُلتم ذلك أصابت كلَّ عبدٍ صالحٍ بينَ السماءِ والأرضِ أشهدُ أن لا إلهَ إلا اللهُ وأشهدُ أن محمدًا عبدُه ورسولُه ثم ليتخيرْ أحدُكم من الدعاءِ أعجَبَه إليه فليدعُ به.","عبدالله بن مسعود","تخريج المسند لشاكر","إسناده صحيح"
"أنَّ رجلًا ضريرًا أتى النبيَّ صَلَّى اللَّهُ عليْهِ وعلى آلهِ وسلَّمَ فقال : يا نبيَّ اللهِ ادعُ اللهَ أنْ يعافيَني . فقال : إنْ شئْتَ أخرْتُ ذلك فهوَ أفضلُ لآخرتِكَ ، وإنْ شئْتَ دعوْتُ لكَ قال : لا بلْ ادعُ اللهَ لي . فأمرَهُ أنْ يتوضأَ وأنْ يصليَ ركعتينِ وأنْ يدعوَ بهذا الدعاءِ : اللَّهمَّ إنِّي أسألُكَ وأتوجَّهُ إليكَ بنبيِّكَ محمدٍ صَلَّى اللَّهُ عليْهِ وعلى آلهِ وسلَّمَ نبيِّ الرحمةِ ، يا محمدُ إنِّي أتوجَّهُ بكَ إلى ربِّي في حاجَتي هذه فتَقضى , وتُشفعُني فيه وتشفعُهُ فيَّ . قال : فكان يقولُ هذا مرارًا , ثم قال بعدُ – أحسبُ أنَّ فيها : أنْ تُشفعَني فيه – قال : ففعلَ الرجلُ فبرأَ.","عثمان بن حنيف","الشفاعة للوادعي","صحيح"
"قالَتْ عائِشةُ لابنِ أبي السَّائِبِ قاصِّ أهْلِ المَدينةِ: ثَلاثًا لَتُتابِعَنِّي عليهنَّ أو لأُناجِزَنَّكَ، فقال: ما هنَّ، بل أنا أُتابِعُكِ يا أُمَّ المُؤمِنينَ، قالَتْ: اجْتَنِبِ السَّجعَ مِن الدُّعاءِ ؛ فإنَّ رسولَ اللهِ صلَّى اللهُ عليه وسلَّمَ وأصحابه كانوا لا يَفعلون ذلك -وقال إسماعيلُ مرَّةً: فقالَتْ: إنِّي عَهِدتُ رسولَ اللهِ صلَّى اللهُ عليه وسلَّمَ وأصحابَه وهُم لا يَفعلون ذاك- وقُصَّ على الناسِ في كلِّ جُمُعةٍ مرَّةً، فإنْ أبَيْتَ فثِنْتَينِ، فإنْ أبَيْتَ فثَلاثًا؛ فلا تَمَلُّ الناسُ هذا الكِتابَ، ولا أُلْفِيَنَّكَ تَأتي القومَ وهُم في حَديثٍ مِن حَديثِهم فتَقطَعَ عليهم حَديثَهم، ولكِنِ اترُكْهم، فإذا حَدَوْكَ عليه وأمَروكَ به فحَدِّثْهم.","عائشة أم المؤمنين","تخريج المسند لشعيب","صحيح لغيره"
"إنَّ محمَّدًا صلَّى اللهُ عليه وسلَّمَ عُلِّمَ فَواتِحَ الخيرِ، وجَوامِعَه، وخَواتِمَه، فقال: إذا قَعَدتم في كلِّ ركعتَينِ، فقولوا: التَّحيَّاتُ للهِ، والصَّلَواتُ والطَّيِّباتُ، السَّلامُ عليك أيُّها النَّبيُّ ورَحمةُ اللهِ وبَركاتُه، السَّلامُ علينا وعلى عِبادِ اللهِ الصَّالحينَ، أشهَدُ أنْ لا إلهَ إلَّا اللهُ، وأشهَدُ أنَّ محمَّدًا عبدُه ورسولهُ، ثُمَّ ليَتَخيَّرْ أحدُكم مِن الدُّعاءِ أعجبَه إليه، فليَدْعُ به ربَّه عزَّ وجلَّ.","عبدالله بن مسعود","تخريج المسند لشعيب","إسناده صحيح على شرط مسلم"
"كنَّا إذا جَلَسْنا مع النَّبيِّ صلَّى اللهُ عليه وسلَّمَ في الصَّلاةِ قُلْنا: السَّلامُ على اللهِ قبلَ عِبادِه، السَّلامُ على جِبريلَ، السَّلامُ على ميكائيلِ، السَّلامُ على فُلانٍ، السَّلامُ على فُلانٍ، قال: فسَمِعَنا رسولُ اللهِ صلَّى اللهُ عليه وسلَّمَ، فقال: إنَّ اللهَ هو السَّلامُ، فإذا جَلَسَ أحدُكم في الصَّلاةِ، فليَقُلِ: التَّحيَّاتُ للهِ، والصَّلَواتُ والطَّيِّباتُ، السَّلامُ عليك أيُّها النَّبيُّ ورَحمةُ اللهِ وبَركاتُه، السَّلامُ علينا وعلى عِبادِ اللهِ الصَّالحينَ -فإذا قالها أصابَتْ كلَّ عبدٍ صالحٍ في السَّماءِ والأرضِ- أشهَدُ أنْ لا إلهَ إلَّا اللهُ، وأشهَدُ أنَّ محمَّدًا عبدُه ورسولُه، ثُمَّ يَتخَيَّرُ بعدُ مِن الدُّعاءِ ما شاء.","عبدالله بن مسعود","تخريج المسند لشعيب","إسناده صحيح على شرط الشيخين"
"أنَّ رجُلًا ضريرًا أَتى النَّبيَّ صلَّى اللهُ عليه وسلَّمَ، فقال: يا نَبيَّ اللهِ، ادْعُ اللهَ أنْ يُعافيَني، فقال: إنْ شِئتَ أخَّرْتُ ذلك؛ فهو أَفضَلُ لآخِرتِكَ، وإنْ شِئتَ دعَوْتُ لك. قال: لا بلِ ادْعُ اللهَ لي. فأمَرَه أنْ يَتوضَّأَ، وأنْ يُصلِّيَ رَكعتَينِ، وأنْ يَدْعوَ بهذا الدعاءِ : اللَّهمَّ إنِّي أَسألُك وأَتَوجَّهُ إليك بنَبيِّك محمَّدٍ صلَّى اللهُ عليه وسلَّمَ نَبيِّ الرحمةِ، يا محمَّدُ، إنِّي أَتَوَجَّهُ بك إلى ربِّي في حاجَتي هذه فتُقْضى، وتُشَفِّعُني فيه، وتُشَفِّعُه فيَّ. قال: فكان يقولُ هذا مِرارًا، ثمَّ قال بعْدُ: أَحسَبُ أنَّ فيها: أنْ تُشَفِّعَني فيه. قال: ففعَلَ الرجُلُ، فبَرَأَ.","عثمان بن حنيف","تخريج المسند لشعيب","إسناده صحيح"
"أنَّ رسولَ اللهِ صلَّى اللهُ عليه وسلَّمَ، علَّمَها هذا الدُّعاءَ : اللَّهُمَّ إنِّي أسأَلُكَ منَ الخَيرِ كلِّه عاجِلِه وآجِلِه، ما علِمْتُ منه وما لم أعلَمْ، وأَعوذُ بكَ منَ الشرِّ كلِّه، عاجِلِه وآجِلِه، ما علِمْتُ منه، وما لم أعلَمْ، اللَّهُمَّ إنِّي أسأَلُكَ من خَيرِ ما سأَلَكَ عبدُكَ ونبيُّكَ محمَّدٌ صلَّى اللهُ عليه وسلَّمَ، وأَعوذُ بكَ من شرِّ ما عاذَ منه عبدُكَ ونبيُّكَ، اللَّهُمَّ إنِّي أسأَلُكَ الجَنَّةَ وما قرَّبَ إليها من قولٍ أو عَملٍ، وأَعوذُ بكَ منَ النارِ وما قرَّبَ إليها من قولٍ أو عَملٍ، وأسأَلُكَ أنْ تَجعَلَ كلَّ قَضاءٍ تَقْضيه لي خَيرًا.","عائشة أم المؤمنين","تخريج المسند لشعيب","إسناده صحيح"
"عن عَبدِ اللهِ، قال: كُنَّا إذا جَلَسنا مَعَ رَسولِ اللهِ صلَّى اللهُ عليه وسلَّم في الصَّلاةِ، قُلنا: السَّلامُ على اللهِ مِن عِبادِه، السَّلامُ على فُلانٍ وفُلانٍ، فقال رَسولُ اللهِ صلَّى اللهُ عليه وسلَّم: «لا تَقولوا: السَّلامُ على اللهِ؛ فإنَّ اللهَ هو السَّلامُ، ولَكِن إذا جَلَسَ أحَدُكُم فليَقُلِ: التَّحيَّاتُ للهِ، والصَّلَواتُ والطَّيِّباتُ، السَّلامُ عليك أيُّها النَّبيُّ ورَحمةُ اللهِ وبَرَكاتُه، السَّلامُ علينا وعَلى عِبادِ اللهِ الصَّالِحينَ -فإنَّكُم إذا قُلتُم ذلك أصابَت كُلَّ عَبدٍ صالِحٍ بَينَ السَّماءِ والأرضِ- أشهَدُ أن لا إلَهَ إلَّا اللهُ، وأشهَدُ أنَّ مُحَمَّدًا عَبدُه ورَسولُه، ثُمَّ ليَتَخَيَّرْ أحَدُكُم مِنَ الدُّعاءِ أعجَبَه إليه، فليَدعُ به».","عبدالله بن مسعود","تخريج المسند لشعيب","إسناده صحيح على شرط الشيخين"
"عن عَبدِ اللهِ، قال: كُنَّا إذا صَلَّينا خَلفَ رَسولِ اللهِ صلَّى اللهُ عليه وسلَّم، يَقولُ الرَّجُلُ مِنَّا في صَلاتِه: السَّلامُ على اللهِ، السَّلامُ على فُلانٍ، يَخُصُّ، فقال لَنا رَسولُ اللهِ صلَّى اللهُ عليه وسلَّم ذاتَ يَومٍ: إنَّ اللهَ عَزَّ وجَلَّ هو السَّلامُ، فإذا قَعَدَ أحَدُكُم في صَلاتِه، فليَقُل: التَّحيَّاتُ للهِ، والصَّلَواتُ والطَّيِّباتُ، السَّلامُ عليك أيُّها النَّبيُّ ورَحمةُ اللهِ وبَرَكاتُه، السَّلامُ علينا وعَلى عِبادِ اللهِ الصَّالِحينَ -فإذا قُلتُم ذلك، فقد سَلَّمتُم على كُلِّ عَبدٍ في السَّماواتِ والأرضِ- أشهَدُ أن لا إلَهَ إلَّا اللهُ، وأشهَدُ أنَّ مُحَمَّدًا عَبدُه ورَسولُه، ثُمَّ يَتَخَيَّرُ مِنَ الدُّعاءِ ما شاءَ -أو ما أحَبَّ -.","عبدالله بن مسعود","تخريج المسند لشعيب","إسناده صحيح على شرط البخاري"
"عن عَبدِ اللهِ، قال: كُنَّا إذا جَلَسنا مَعَ رَسولِ اللهِ صلَّى اللهُ عليه وسلَّم في الصَّلاةِ، قُلنا: السَّلامُ على اللهِ قَبلَ عِبادِه، السَّلامُ على جِبريلَ، السَّلامُ على ميكائيلَ، السَّلامُ على فُلانٍ، السَّلامُ على فُلانٍ، فسَمِعَنا رَسولُ اللهِ صلَّى اللهُ عليه وسلَّم، فقال: إنَّ اللهَ هو السَّلامُ، فإذا جَلَسَ أحَدُكُم في الصَّلاةِ فليَقُل: التَّحيَّاتُ للهِ، والصَّلَواتُ والطَّيِّباتُ، السَّلامُ عليك أيُّها النَّبيُّ ورَحمةُ اللهِ وبَرَكاتُه، السَّلامُ علينا وعَلى عِبادِ اللهِ الصَّالِحينَ، فإذا قالها أصابَت كُلَّ عَبدٍ صالِحٍ في السَّماءِ والأرضِ، أشهَدُ أن لا إلَهَ إلَّا اللهُ، وأشهَدُ أنَّ مُحَمَّدًا عَبدُه ورَسولُه، ثُمَّ يَتَخَيَّرُ بَعدُ مِنَ الدُّعاءِ ما شاءَ.","عبدالله بن مسعود","تخريج المسند لشعيب","إسناده صحيح على شرط الشيخين"
"«كان مِن دُعاءِ رَسولِ اللهِ صلَّى اللهُ عليه وسلَّم: اللَّهُمَّ إنِّي أعوذُ بك من عِلمٍ لا يَنفَعُ، وقَلبٍ لا يخشَعُ، ونَفسٍ لا تشبَعُ، ودعاءٍ لا يُسمَعُ، اللَّهُمَّ إنِّي أعوذُ بك من هذه الأربَعِ».","أنس بن مالك","الأحاديث المختارة","لهذا الحديث شاهد في الصحيح من حديث زيد بن أرقم"
"كانَ مِن دعاءِ النَّبيِّ صلَّى اللَّهُ عليهِ وسلَّمَ اللَّهمَّ إنِّي أعوذُ بِكَ مِن عِلمٍ لا ينفعُ ومِن دعاءٍ لا يُسمَعُ ومِن قلبٍ لا يَخشعُ ومِن نفسٍ لا تشبعُ.","أبو هريرة","صحيح ابن ماجه","صحيح"
"دعاءُ الوالدِ يُفضي إلى الحجابِ.","أم حكيم بنت وادع الخزاعية","الترغيب والترهيب","[إسناده صحيح أو حسن أو ما قاربهما]"
"يرفعُ يديه [ في دعاءِ القنوتِ ].","-","صفة الصلاة","إسناده صحيح"
"كان مِن دعاءِ رسولِ اللهِ صلَّى اللهُ عليه وسلَّم: اللَّهمَّ إنِّي أعوذُ بك مِن عِلمٍ لا يَنفَعُ، وقلبٍ لا يَخشَعُ، ودُعاءٍ لا يُسمَعُ، ونفْسٍ لا تَشبَعُ، اللَّهمَّ إنِّي أعوذُ بك مِن هؤلاء الأربَعِ.","أنس بن مالك","تخريج المسند لشعيب","صحيح"
"كان مِنْ دُعاءِ النَّبيِّ صلَّى اللهُ عليه وسلَّمَ: «اللَّهُمَّ إنِّي أَعوذُ بكَ مِنْ عِلْمٍ لا يَنفَعُ، وقَلْبٍ لا يَخْشَعُ، ونَفْسٍ لا تَشْبَعُ، ودُعاءٍ لا يُسْمَعُ». ويقولُ في آخِرِ ذلك: «اللَّهُمَّ إنِّي أَعوذُ بكَ مِنْ هؤلاء الأَرْبَعِ».","أنس بن مالك","المستدرك على الصحيحين","[صحيح على شرط مسلم]"
"علِّمني دعاءً أَدعو بِهِ في صَلاتي.","أبو بكر الصديق","صحيح ابن خزيمة","أخرجه في صحيحه"
"دعاءُ المحسَنِ إليهِ للمحسِنِ لا يُرَدُّ.","عبدالله بن عمر","الجامع الصغير","صحيح"
"[ زيادةُ ] ولا يعِزُّ من عاديتَ [ في دعاءِ القنوتِ ].","الحسن بن علي بن أبي طالب","أصل صفة الصلاة","زيادة صحيحة ثابتة لا شك فيها"
"دُعاءُ الأخِ لأخِيهِ بِظَهرِ الغيْبِ لا يُرَدُّ.","عمران بن الحصين","صحيح الجامع","صحيح"
"إنه سيكونُ في هذهِ الأمةِ قومٌ يعتدّونَ في الطهورِ والدعاءِ.","عبدالله بن مغفل","المجموع للنووي","إسناده صحيح"
"وكان عليه الصَّلاةُ والسَّلامُ يُطيلُ الوُقوفَ لِلدُّعاءِ قَدْرَ سُورةِ البَقَرةِ.","-","إرشاد الساري","إسناده صحيح"
"كان من دعاءِ النَّبيِّ صلَّى اللهُ عليهِ وسلَّم : أي حيُّ أي قيومُ.","أنس بن مالك","إتحاف المهرة","على شرط الصحيح"
"يَأْتي عليكم زمانٌ لا يَنجو فيه إلَّا مَنْ دَعا دُعاءَ الغَريقِ.","حذيفة","المستدرك على الصحيحين","صحيح على شرط الشيخين"
"دُعاءُ النَّبيِّ صلَّى اللهُ عليه وسلَّم على قُرَيشٍ بسِنينَ كسِني يُوسُفَ.","-","تخريج العواصم والقواصم","صحيح"
"العجزُ والكَيسُ بقدرٍ ولا يغني الحذرُ منَ القدرِ والدعاءُ يدفعُ القدرَ.","عبدالله بن عباس","معجم الشيوخ","أوله صحيح وآخره غريب"
"إذا دخلتَ علَى مريضٍ فَمُرهُ فلْيدعُ لَك ، فإنَّ دعاءَه كدعاءِ الملائِكةِ.","عمر بن الخطاب","الأذكار للنووي","إسناده صحيح أو حسن، لكن ميمون بن مهران لم يدرك عمر"
"كان من دُعاءِ رَسولِ اللهِ صلَّى اللهُ عليه وسلَّم: يا حَيُّ يا قَيُّومُ.","أنس بن مالك","الفتوحات الربانية","صحيح"
"اللهمَّ إنِّي أعوذُ بك من علْمٍ لا ينفعُ ، و عَمَلٍ لا يُرفَعُ ، و دعاءٍ لا يُسْمَعُ.","أنس بن مالك","الجامع الصغير","صحيح"
"إِنَّ أكثرَ دعاءِ رسولِ اللهِ يامُقَلِّبَ القلوبِ ثَبِّتْ قلبي على دينِكَ.","أم سلمة أم المؤمنين","تخريج كتاب السنة","صحيح"
"اللَّهمَّ إنِّي أعوذُ بِكَ مِن دعاءٍ لا يُسمَعُ ، وأعوذُ بِكَ من قلبٍ لا يَخشعُ.","أنس بن مالك","الصحيح المسند","صحيح"
"كانَ من دعاء النَّبيِّ صلَّى اللَّه عليهِ وعلى آلِهِ وسلَّمَ – أي حيُّ أي قيُّومُ.","أنس بن مالك","الصحيح المسند","رجاله ثقات معروفون"
"اللَّهمَّ إنِّي أعوذُ بكَ من علمٍ لا ينفعُ ، ومن قلبٍ لا يخشعُ ، ونفسٍ لا تشبعُ ، ودعاءٍ لا يُسمعُ.","عبدالله بن عمر","حقيقة الإسلام و الإيمان","صحيح"
"اللَّهمَّ إنِّي أعوذُ بِكَ من عِلمٍ لا ينفعُ وقلبٍ لا يخشعُ ونفسٍ لا تشبعُ ودعاءٍ لا يسمَعُ.","-","مجموع الفتاوى","صحيح"
"اللَّهمَّ إني أعوذُ بك من علمٍ لا ينفعُ ، ومن قلبٍ لا يخشعُ ، ومن نفسٍ لا تشبعُ ، ومن دعاءٍ لا يُسمعُ.","أبو هريرة","صحيح النسائي","صحيح"
"عن عليٍّ رضيَ اللهُ عنهُ قال : كل دُعاءٍ محجوبٌ حتَّى يصلِّى على محمَّدٍ [ وآلِ محمَّدٍ ].","[عاصم بن ضمرة]","صحيح الترغيب","صحيح لغيره"
"عن عليٍّ رضي الله عنه قال: دعاءٌ محجوبٌ حتى تصليَ على محمدٍ صلَّى اللهُ عليهِ وسلَّمَ.","-","المتجر الرابح","إسناده جيد وقد روي مرفوعاً إلى النبي صلى الله عليه وسلم والصحيح الموقوف"
"أعوذُ باللَّهِ السَّميعِ العليمِ منَ الشَّيطانِ الرَّجيمِ من هَمزِه ونفخِهِ ونفثِهِ [ أي في الصَّلاةِ بعد دعاءِ الاستفتَاحِ].","أبو سعيد الخدري","الدراري المضية","صحيح"
"ادعوا اللهَ وأنتم مُوقنون بالإجابةِ ، واعلموا أنَّ اللهَ لا يستجيبُ دعاءً من قلبٍ غافلٍ لاهٍ.","أبو هريرة","صحيح الترغيب","حسن لغيره"
"اللَّهمَّ إني أعوذُ بك من الأربعِ : من علمٍ لا ينفعُ ، ومن قلبٍ لايخشعُ ، ومن نفسٍ لا تشبعُ ، ومن دعاءٍ لا يُسمعُ.","أبو هريرة","صحيح النسائي","صحيح"
"ادْعُوا اللهَ وأنتمْ مُوقِنُونَ بالإجابةِ ، واعلمُوا أنَّ اللهَ لا يَستجيبُ دُعاءً من قلْبٍ غافِلٍ لَاهٍ.","أبو هريرة","صحيح الجامع","حسن"
"عن أبي هريرةَ قالَ أبخلُ النَّاسِ الَّذي يبخلُ بالسَّلامِ وإنَّ أعجزَ النَّاسِ من عجزَ بالدُّعاءِ.","-","صحيح الأدب المفرد","صحيح الإسناد موقوفاً وصح مرفوعاً"
"ادْعوا اللهَ وأنتم موقِنونَ بالإجابةِ، واعلَموا أنَّ اللهَ لا يَقبلُ دُعاءً مِن قلبٍ غافلٍ لاهٍ.","أبو هريرة","المستدرك على الصحيحين","مستقيم الإسناد"
"عن حُذَيفةَ رَضيَ اللهُ عنه، قال: يَأتي عليكم زَمانٌ لا يَنْجو فيه إلَّا مَن دَعا دُعاءَ الغرَقِ.","عمارة بن عمير","المستدرك على الصحيحين","هذا إسناد صحيح على شرط الشيخين، ولم يخرجاه"
"حديثُ دعاءِ النَّبيِّ لابنِ عبَّاسٍ بتعلُّمِ التأويلِ [يعني حديث: اللهمَّ فقِّهْهُ في الدِّينِ وعلِّمْهُ التأويلَ.].","عبدالله بن عباس","شرح البخاري لابن الملقن","صحيح"
"لا يَأتي أحَدُكم الصَّلاةَ وهو حاقنٌ، ولا يَؤُمَّنَّ أحَدُكم فيَخُصَّ نَفْسَه بالدُّعاءِ دونَهم، فمَن فَعَلَ فقد خانَهم.","أبو أمامة الباهلي","تخريج المسند لشعيب","صحيح لغيره دون قوله: ""ولا يؤمن أحدكم ... إلخ"""
"إنَّ الرَّجُلَ لَيُحرَمُ الرِّزقَ بالذَّنبِ الَّذي يُصيبُه ولا يُرَدُّ القدَرُ إلَّا بالدُّعاءِ ولا يَزيدُ في العُمُرِ إلَّا البِرُّ.","ثوبان","صحيح ابن حبان","أخرجه في صحيحه"
"كان رسولُ اللهِ صلَّى اللهُ عليه وسلَّمَ يَتعوَّذُ مِن عِلمٍ لا يَنفعُ، ودُعاءٍ لا يُسمَعُ، وقلبٍ لا يَخشعُ، ونَفس لا تَشبَعُ.","عبدالله بن عمرو","المستدرك على الصحيحين","[سكت عنه وقال في المقدمة رواته ثقات احتج بمثله الشيخان أو أحدهما]"
"صلَّيتُ خَلفَ عمرَ بنِ الخطَّابِ رضيَ اللَّهُ عنهُ فقَنَتَ بعدَ الرُّكوعِ ورفعَ يديهِ وجَهَرَ بالدُّعاءِ.","أبو رافع مولى رسول الله صلى الله عليه وسلم","السنن الكبرى للبيهقي","صحيح"
"كان عامَّةُ دُعاءِ النَّبيِّ صلَّى اللهُ عليه وسلَّم اللهمَّ اغفِرْ لي ما أخطَأْتُ وما تعمَّدْتُ وما أسرَرْتُ وما أعلَنْتُ وما جهِلْتُ وما تعمَّدْتُ.","عمران بن الحصين","مجمع الزوائد","رجاله رجال الصحيح غير عون العقيلي وهو ثقة‏‏"
"قال لي النَّبيُّ صَلَّى اللهُ عليه وسلَّمَ: إذا دخَلْتَ على مَريضٍ، فمُرْهُ أنْ يدعُوَ لك؛ فإنَّ دُعاءَه كدُعاءِ الملائكةِ.","عمر بن الخطاب","الحديث لابن عبدالوهاب","إسناده صحيح أو حسن"
"كانَ النَّبيُّ صلَّى اللَّهُ عليهِ وسلَّمَ يتعوَّذُ من عِلمٍ لا ينفَعُ ، ودعاءٍ لا يُسمَعُ ، وقلبٍ لا يَخشعُ ، ونفسٍ لا تَشبعُ.","عبدالله بن عمرو","تخريج المسند لشاكر","إسناده صحيح"
"أعوذُ بِكَ من نَفسٍ لا تَشبعُ ومِن قلبٍ لا يَخشعُ ومن دعاءٍ لا يُسمَعُ ومن عِلمٍ لا ينفعُ أعوذُ بِكَ من هؤلاءِ الأربعِ.","عبدالله بن عمرو","تخريج المسند لشاكر","إسناده صحيح"
"اللهمَّ إنِّي أعوذُ بِكَ من عِلْمٍ لا يَنْفَعُ ، ومِنْ قَلْبٍ لا يشفعُ ، ومِنْ نَفْسٍ لا تَشْبَعُ ، ومِنْ دعاءٍ لا يُسمعُ.","أبو هريرة","صحيح الترغيب","صحيح لغيره"
"وإذا جلس في الركعتينِ أضجع اليسرَى ونصب اليمنَى ووضع يدَهُ اليمنَى على فخِذهِ اليمنَى ونصب أصبعَهُ للدُّعاءِ.","وائل بن حجر","أصل صفة الصلاة","إسناده صحيح"
"قال: كان النَّبيُّ صلَّى اللهُ عليه وسلَّمَ يتعَوَّذُ مِن عِلْمٍ لا ينفَعُ، ودعاءٍ لا يُسمَعُ، وقلبٍ لا يخشَعُ، ونفْسٍ لا تشبَعُ.","عبدالله بن عمرو","تخريج المسند لشعيب","إسناده صحيح على شرط مسلم"
"كان أكثَرُ دُعاءِ النَّبيِّ صلَّى اللهُ عليه وسلَّم: اللهُمَّ رَبَّنا آتِنا في الدُّنيا حَسَنةً، وفي الآخِرةِ حَسَنةً، وقِنا عَذابَ النَّارِ.","أنس بن مالك","صحيح البخاري","[صحيح]"
"إذا حَضَرتُمُ المَيِّتَ فأغمِضوا البَصَرَ؛ فإنَّ البَصَر يَتبَعُ الرُّوحَ، وقُولوا خَيرًا؛ فإنَّ المَلائكةَ تُؤَمِّنُ على دُعاءِ أهلِ البَيتِ.","شداد بن أوس","المستدرك على الصحيحين","صحيح الإسناد"
"اللَّهُمَّ إنِّي أَعوذُ بكَ مِن أَربعٍ: مِن عِلمٍ لا يَنفعُ، وقلبٍ لا يَخشعُ، ونَفسٍ لا تَشبَعُ، ومِن دُعاءٍ لا يُسمَعُ.","أبو هريرة","المستدرك على الصحيحين","[سكت عنه وقال في المقدمة رواته ثقات احتج بمثله الشيخان أو أحدهما]"
"عن النَّبيِّ صلَّى اللهُ عليه وسلَّم أنَّه أمر بالصَّلاةِ عِندَ كُسوفِ الشَّمْسِ والقَمَرِ، وأمَرَ بالدُّعاءِ والاستِغْفارِ والصَّدَقةِ والعِتْقِ.","-","الفتاوى الكبرى","[ثابت صحيح]"
"اللهمَّ إنِّي أعوذُ بك من قلْبٍ لا يخشعُ ، و من دعاءٍ لا يُسْمَعُ ، و من نفْسٍ لا تشبعُ ، و من علْمٍ لا ينفعُ . و أعوذُ بك من هؤلاءِ الأرْبَعِ.","عبدالله بن عمرو وأبو هريرة وأنس بن مالك","صحيح الجامع","صحيح"
"داوُوا مرضاكم بالصَّدَقةِ [يعني حديث: حصِّنوا أموالَكم بالزَّكاةِ وداووا مرضاكم بالصَّدقةِ واستقبلوا أمواجَ البلاءِ بالدُّعاءِ والتَّضرُّعِ].","الحسن البصري","صحيح الترغيب","حسن لغيره"
"كان عامَّةُ دُعاءِ نَبيِّ اللهِ صلَّى اللهُ عليه وسلَّمَ: اللَّهُمَّ اغفِرْ لي ما أخطَأتُ وما تَعمَّدتُ، وما أسرَرتُ وما أعلَنتُ، وما جَهِلتُ وما تَعمَّدتُ.","عمران بن الحصين","تخريج المسند لشعيب","إسناده صحيح"
"أنَّ النَّبيَّ صلَّى اللهُ عليه وسلَّمَ كان يقولُ: اللَّهمَّ إنِّي أعوذُ بك مِن صلاةٍ لا تَنفَعُ، وذكَرَ دعاءً آخَرَ.","أنس بن مالك","تخريج سنن أبي داود","صحيح"
"اللَّهمَّ إنِّي أعوذُ بِكَ منَ الأربعِ : مِن علمٍ لا ينفعُ ومِن قلبٍ لا يخشعُ ومِن نفسٍ لا تشبعُ ومن دعاءٍ لا يُسمعُ.","أبو هريرة","تخريج المسند لشاكر","إسناده صحيح"
"أنَّ النَّبيَّ صلَّى اللَّهُ عليْهِ وسلَّمَ كانَ يتعوَّذُ من أربعٍ : من عِلمٍ لا ينفعُ ومن قلبٍ لا يخشعُ ودعاءٍ لا يسمعُ ونفسٍ لا تشبعُ.","عبدالله بن عمرو","صحيح النسائي","صحيح"
"اللهُمَّ ! إنِّي أعوذُ بكَ منَ الأربَعِ : مِن علمٍ لا ينفَعُ, ومِن قَلبٍ لا يَخشَعُ, ومن نَفسٍ لا تَشبعُ, ومِن دعاءٍ لايُسمَعُ.","أبو هريرة","هداية الرواة","صحيح لغيره"
"عنِ ابنِ عبَّاسٍ رَضيَ اللهُ عنهُما، قالَ: لا ينفعُ الحذَرُ مِنَ القَدَرِ، ولكنَّ اللهَ يمحو بالدُّعاءِ ما يشاءُ مِنَ القَدَرِ.","طاوس","المستدرك على الصحيحين","صحيح الإسناد"
"حديث دعاءِ الوالِدينِ لولدِهما [يعني حديث: ثلاثُ دعَواتٍ مُستجاباتٌ لا شكَّ فيهنَّ: دعوةُ المظلومِ، ودعوةُ المُسافِرِ، ودعوةُ الوالِدِ لولَدِه.].","[أبو هريرة]","الفتح الرباني","صحيح"
"قلتُ يا رسولَ اللهِ علِّمني دعاءً أنتفعُ به قال قل اللَّهمَّ عافِني من شرِّ سمعي وبصري ، ولسانِي وقلبي ، ومن شرِّ منِيِّي.","شكل بن حميد العبسي","صحيح النسائي","صحيح"
"حديثُ: كان مِن دُعاءِ النَّبيِّ صلَّى اللهُ عليه وسلَّم: اللَّهُمَّ إنِّي أعوذُ بك من زَوالِ نِعمَتِك [وَتَحَوُّلِ عَافِيَتِكَ، وَفُجَاءَةِ نِقْمَتِكَ، وَجَمِيعِ سَخَطِكَ.].","عبد الله بن عمر","أطراف الغرائب","غريبٌ من حديث عَبد الله بن دينار عنه، تَفَرَّدَ بهِ موسى بن عُقبة عنه ولم يروه عنه غير يعقوب الإسكندراني. قال المقدسي: وقد أخرجه مسلم في صحيحه، عَن أبي زرعة الرازي عن يحيى بن عَبد الله بن بكير عن يعقوب."
"كان مِن دُعاءِ رسولِ اللهِ صلَّى اللهُ عليه وسلَّمَ: اللَّهُمَّ أَمتِعْني بسَمْعي وبَصَري، واجعَلْهما الوارِثَ مِنِّي، وانصُرني على مَنْ ظَلَمَني، وأَرِني فيه ثَأْري.","أبو هريرة","المستدرك على الصحيحين","صحيح على شرط مسلم"
"عنِ الزُّهْريِّ قال: كانوا يلعَنونَ الكفَرةَ في رمَضانَ، يُشيرُ إلى دعاءِ القُنُوتِ، ثمَّ يُصلِّي على النَّبيِّ صلَّى اللهُ عليه وسلَّم، ثمَّ يدعو للمُسلِمينَ.","محمد بن مسلم بن شهاب الزهري","نتائج الأفكار","إسناده صحيح"
"أنَّ رسولَ اللَّه صلَّى اللَّه عليهِ وسلَّمَ كانَ يقولُ : اللَّهمَّ إنِّي أعوذُ بِكَ مِن صلاةٍ لا تنفَعُ ، وذَكَرَ دعاءً آخرَ.","أنس بن مالك","صحيح أبي داود","صحيح"
"قلتُ يا رسولَ اللهِ علِّمني دعاءً أنتفعُ به قال قل قل اللَّهمَّ عافِني من شرِّ سمعي وبصري ، ولساني وقلبي ، وشرِّ منِيِّي.","شكل بن حميد العبسي","صحيح النسائي","صحيح"
". . . إذا سألتُم اللهَ عزَّ وجلَّ يا أيها الناسُ ! فاسألوه وأنتم مُوقنون بالإجابةِ ، فإنَّ اللهَ لا يستجيبُ لعبدٍ دعاءً عن ظهرِ قلبٍ غافلٍ.","عبدالله بن عمرو","صحيح الترغيب","حسن لغيره"
"وإذا جلس في الركعتَينِ أضجعَ اليُسرى ونصبَ اليُمنى ووضع يدَه اليُمنى على فخِذِه اليُمنى ونصب إصبعَه للدعاءِ ووضع يدَه اليُسرى على رجله اليُسرى.","وائل بن حجر","السلسلة الصحيحة","إسناده صحيح"
"يا رسولَ علِّمني دعاءً قالَ قل اللَّهمَّ إنِّي أعوذُ بكَ من شرِّ سمعي ومن شرِّ بصَري ومن شرِّ لِساني ومن شرِّ قلبي ومن شرِّ مَنيِّي.","شكل بن حميد العبسي","صحيح أبي داود","صحيح"
"فيه: أنَّ التَّهليلَ والتَّكبيرَ والتَّعوُّذَ كان قَبْلَ تَكبيرةِ الإحْرامِ، وليس فيه ذِكْرُ دُعاءِ الافتِتاحِ بعْدَ تَكبيرةِ الإحْرامِ، ولَفظُ التَّعوُّذِ فيه: أعوذُ باللهِ من الشَّيطانِ الرَّجيمِ.","الحسن البصري","تخريج المسند لشعيب","مرسل وإسناده إلى الحسن صحيح على شرط مسلم"
"كانَ مِن دُعاءِ رَسولِ اللهِ صلَّى اللهُ عليه وسلَّم: اللَّهمَّ إنِّي أعوذُ بكَ مِن زَوالِ نِعمَتِكَ، وتَحَوُّلِ عافيَتِكَ، وفُجاءةِ نِقمَتِكَ، وجَميعِ سَخَطِكَ.","عبدالله بن عمر","صحيح مسلم","[صحيح]"
"كان النَّبيُّ صلَّى اللهُ عليه وسلَّمَ يَدْعو يقولُ: «اللَّهُمَّ إنِّي أَعوذُ بك مِنَ الأَرْبَعِ: مِنْ عِلْمٍ لا يَنْفَعُ، وقَلْبٍ لا يَخْشَعُ، ونَفْسٍ لا تَشْبَعُ، ودُعاءٍ لا يُسْمَعُ».","أبو هريرة","المستدرك على الصحيحين","[سكت عنه وقال في المقدمة رواته ثقات احتج بمثله الشيخان أو أحدهما]"
"مثل :إنَّ اللهَ خَتَمَ سورةَ البقرةِ بآيتينِ أَعطانيهِما مِن كَنزِهِ الَّذي تحتَ العرشِ فتَعلَّموهُنَّ، وعَلِّموهُنَّ نِساءَكُم وأبناءَكُم؛ فإنَّها صلاةٌ، وقرآنٌ، ودُعاءٌ . [.","جبير بن نفير","المستدرك على الصحيحين","]مرسل["
"قُلتُ لعائِشةَ: أخْبِريني ببَعضِ دُعاءِ النبيِّ صلَّى اللهُ عليه وسلَّمَ، قالَتْ: كان يقولُ: اللَّهمَّ إنِّي أعوذُ بكَ مِن شَرِّ ما عَمِلتُ، ومِنْ شَرِّ ما لم أعمَلْ.","عائشة أم المؤمنين","تخريج المسند لشعيب","صحيح"
"عن شَكَلٍ، قال: قُلتُ: يا رَسولَ اللهِ، عَلِّمْني دُعاءً أنتَفِعُ به، قال: قُل: اللهُمَّ إنِّي أعوذُ بكَ مِن شَرِّ سَمعي وبَصَري، وقَلبي ومَنيِّي.","شكل بن حميد أبو شتير","تخريج المسند لشعيب","إسناده صحيح"
"اللَّهمَّ إنِّي أعوذُ بك مِن نفسٍ لا تشبَعُ وأعوذُ بك مِن صلاةٍ لا تنفَعُ وأعوذُ بك مِن دعاءٍ لا يُسمَعُ وأعوذُ بك مِن قلبٍ لا يخشَعُ.","أنس بن مالك","صحيح ابن حبان","أخرجه في صحيحه"
"كان مِن دعاءِ النَّبيِّ صلَّى اللهُ عليه وسلَّم: ( اللَّهمَّ إنِّي أعوذُ بك مِن الجوعِ فإنَّه بئس الضَّجيعُ وأعوذُ بك مِن الخيانةِ فإنَّها بئستِ البِطانةُ ).","أبو هريرة","صحيح ابن حبان","أخرجه في صحيحه"
"كان رسولُ اللهِ صلَّى اللهُ عليه وسلَّمَ يَدْعو فيقولُ: «اللَّهُمَّ إنِّي أَعوذُ بكَ مِنَ الأَرْبَعِ: مِنْ عِلْمٍ لا يَنْفَعُ، وقَلْبٍ لا يَخْشَعُ، ونَفْسٍ لا تَشْبَعُ، ودُعاءٍ لا يُسْمَعُ».","أبو هريرة","المستدرك على الصحيحين","صحيح"
"أنَّ النَّبيَّ - صلَّى اللَّهُ علَيهِ وعلَى آلِه وسلَّمَ - كانَ يتعوَّذُ مِن أربعٍ : مِن عِلمٍ لا ينفعُ، ومِن قلبٍ لا يخشعُ، ودعاءٍ لا يُسمَعُ، ونفسٍ لا تشبعُ.","عبدالله بن عمرو","الصحيح المسند","صحيح"
"كان رسولُ اللهِ صلَّى اللهُ عليهِ وسلَّم يقولُ اللهم إني أعوذُ بك من قلبٍ لا يَخْشَعُ ومن دعاءٍ لا يُسْمَعُ ومن نفسٍ لا تَشْبَعُ ومن علمٍ لا يَنْفَعُ أعوذُ بكَ من هؤلاءِ الأربَعِ.","عبدالله بن عمرو","سنن الترمذي","حسن صحيح غريب من هذا الوجه"
"كان مِنْ دُعاءِ النَّبيِّ صلَّى اللهُ عليه وسلَّمَ: «اللَّهُمَّ إنِّي أعوذُ بكَ مِن شرِّ الرِّيحِ، ومِن شرِّ ما تَجيءُ به الرِّيحُ، ومِن شرِّ الشَّمالِ؛ فإنَّها الرِّيحُ العقيمُ».","جابر بن عبدالله","المستدرك على الصحيحين","[سكت عنه وقال في المقدمة رواته ثقات احتج بمثله الشيخان أو أحدهما]"
"ألا أخبرُكم بشيءٍ إذا نزَل برجلٍ منكم كَربٌ، أو بلاءٌ، مِن أمرِ الدنيا دعا به ففرَّج عنه ؟ دعاءُ ذي النونِ : لا إلهَ إلا أنتَ سُبحانَكَ إني كنتُ منَ الظالِمينَ.","سعد بن أبي وقاص","الجامع الصغير","صحيح"
"سَألتُ عائِشةَ عن دُعاءٍ كان يَدعو به رَسولُ اللهِ صلَّى اللهُ عليه وسلَّم، فقالت: كان يقولُ: اللَّهمَّ إنِّي أعوذُ بكَ مِن شَرِّ ما عَمِلتُ، وشَرِّ ما لم أعمَلْ. وفي روايةٍ: ومِن شَرِّ ما لم أعمَلْ.","عائشة أم المؤمنين","صحيح مسلم","[صحيح]"
"« دُعاءُ ذي النُّونِ إذْ دعا به وهو في بَطنِ الحوتِ، لا إلهَ إلَّا أنتَ سُبحانكَ إنِّي كنتُ مِنَ الظَّالمينَ، أنَّه لمْ يدْعُ بها رَجلٌ مسلمٌ في شيء قطُّ إلَّا استُجِيبَ له».","سعد بن أبى وقاص","المستدرك على الصحيحين","صحيح الإسناد"
"لا يحلُّ لامرئٍ أن ينظرَ في جوفِ بيتِ امرئٍ حتى يستأذنَ فإن نظر فقد دخَل ولا يؤمُّ قومًا فيخصُّ نفسَه بالدعاءِ دونَهم فإن فعل فقد خانَهم ولا يقومُ إلى الصلاةِ وهو حَقِنٌ.","ثوبان مولى رسول الله صلى الله عليه وسلم","عارضة الأحوذي","صحيح حسن"
"عنِ ابنِ عمرَ ، قالَ : كانَ من دعاءِ رسولِ اللَّهِ صلَّى اللَّهُ علَيهِ وسلَّمَ : اللَّهمَّ إنِّي أعوذُ بِكَ من زَوالِ نعمتِكَ ، وتحويلِ عافَيتِكَ ، وفُجاءةِ نقمتِكَ ، وجميعِ سُخْطِكَ.","عبدالله بن عمر","صحيح أبي داود","صحيح"
"أنَّ النَّبيَّ علَّمَهُ دعاءً ، وأمرَهُ أن يتعاهدَهُ ويتعاهدَ بهِ أَهْلَهُ : اللَّهمَّ إنِّي أسألُكَ الرِّضا بعدَ القضاءِ، وبردَ العيشِ بعدَ الموتِ، ولذَّةَ النَّظرِ في وجهِكَ، وشوقًا إلى لقاكَ.","زيد بن ثابت","تخريج كتاب السنة","صحيح"
"ألا أُخبِرُكم بشيءٍ إذا نزل برجلٍ منكم كربٌ أو بلاءٌ من بلايا الدُّنيا دعا به يُفرَّجُ عنه ؟ فقيل له : بلَى ، فقال : دعاءُ ذي النُّونِ : لا إلهَ إلَّا أنت سبحانَك إنِّي كنتُ من الظَّالمين.","سعد بن أبي وقاص","السلسلة الصحيحة","إسناده صحيح"
"علِّمْني دعاءً أدعو به في صلاتي، قال: قَلِ: اللهمَّ إنِّي ظلَمتُ نفسي ظلمًا كثيرًا، ولا يَغفِرُ الذُّنوبَ إلَّا أنت، فاغفِرْ لي مغفرةً مِن عِندِك وارحَمْني، إنَّك أنت الغفورُ الرحيمُ.","أبو بكر الصديق","تخريج المسند لشعيب","إسناده صحيح على شرط الشيخين"
"كان النبيُّ صلَّى اللهُ عليهِ وسلَّمَ إذا تهجدَ من الليلِ فذكر نحوَ دعاءِ سفيانَ إلا أنَّهُ قال : وَعْدُكَ الحقُّ وقولُكَ الحقُّ ولقاؤُكَ الحقُّ وقال : ما أسررتُ وما أعلنتُ أنت إلهي لا إلهَ إلا أنتَ.","عبدالله بن عباس","تخريج المسند لشاكر","إسناده صحيح"
"إنَّ عمَّكَ الشَّيخَ الضَّالَّ ماتَ ! فمَن يُواريهِ ؟ قالَ اذهبْ فوارِ أباكَ ولا تُحدِثَنَّ حدثًا حتَّى تأتيَني فواريتُهُ ثمَّ جئتُ فأمرَني فاغتسَلتُ ودعا لي ، وذكرَ دعاءً لم أحفظْهُ.","علي بن أبي طالب","صحيح النسائي","صحيح"
"جاء علِيُّ بنُ أبي طالبٍ رَضِي اللهُ عنه وقال للرَّسولِ: إنِّي تفَلَّتَ منِّي القرآنُ. فعَلَّمَه الرَّسولُ صلَّى اللهُ عليه وسلَّمَ دُعاءً وصَلاةَ أرْبَعِ رَكعاتٍ مَخصوصةٍ بقِراءةٍ.","عبدالله بن عباس","فتاوى نور على الدرب لابن عثيمين","ليس بصحيح عن النَّبيِّ صلَّى اللهُ عليه وسلَّمَ"
"علِّمْني دعاءً أدعو به في صلاتي قال: ( قُلِ: اللَّهمَّ إنِّي ظلَمْتُ نفسي ظلمًا كثيرًا ولا يغفِرُ الذُّنوبَ إلَّا أنتَ فاغفِرْ لي مغفرةً مِن عندِك وارحَمْني إنَّك أنتَ الغفورُ الرَّحيمُ ).","أبو بكر الصديق","صحيح ابن حبان","أخرجه في صحيحه"
"ثلاثٌ لا يحِلُّ لأحدٍ أن يفعلَهنَّ : لا يؤمُّ رجلٌ فيخصَّ نفسَه بالدُّعاءِ دونهم , فإن فعل فقد خانهم ، ولا ينظُرُ في قعرِ بيتٍ قبل أن يستأذنَ فإن فعل فقد دخل , ولا يُصلِّي وهو حقِنٌ حتَّى يتخفَّفَ.","ثوبان مولى رسول الله صلى الله عليه وسلم","الأحكام الشرعية الصغرى","[أشار في المقدمة أنه صحيح الإسناد]"
"حديث إِجابَةِ دُعاءِ المظلومِ عَلى ظالِمِهِ [يعني حديث: أنَّ النبيَّ صَلَّى اللهُ عليه وسلَّمَ بَعَثَ مُعَاذًا إلى اليَمَنِ، فَقالَ: اتَّقِ دَعْوَةَ المَظْلُومِ، فإنَّهَا ليسَ بيْنَهَا وبيْنَ اللَّهِ حِجَابٌ.].","[عبدالله بن عباس]","الفتح الرباني","صحيح"
"علِّمْني دُعاءً أدعو بِهِ في صَلاتي ؟ قالَ : قُلْ: اللَّهُمَّ إنِّي ظلَمتُ نَفسي ظُلمًا كثيرًا ، ولا يغفِرُ الذُّنوبَ إلَّا أنتَ ، فاغفِر لي مَغفرةً مِن عندِكَ ، وارحَمني إنَّكَ أنتَ الغَفورُ الرَّحيمُ.","أبو بكر الصديق","صحيح النسائي","صحيح"
"أَلَا أُخْبِرُكُمْ بشيءٍ إذا نزلَ برجلٍ منكم كربٌ ، أو بلاءٌ ، مِنْ أمرِ الدنيا دعا بِهِ فَفُرِّجَ عنه ؟ دُعاءُ ذي النونِ : لَا إِلهَ إلَّا أَنتَ سُبْحَانَكَ إِنَّي كُنتُ مِنَ الظَّالِمِينَ.","سعد بن أبي وقاص","صحيح الجامع","صحيح"
"إنَّ أبا بَكرٍ الصِّدِّيقَ قال لرَسولِ اللهِ صلَّى اللهُ عليه وسلَّم: عَلِّمْني يا رَسولَ اللهِ دُعاءً أدعو به في صَلاتي، وفي بَيتي...، ثُمَّ ذَكَرَ بمِثلِ حَديثِ اللَّيثِ، غيرَ أنَّه قال: ظُلمًا كَثيرًا.","عبدالله بن عمرو","صحيح مسلم","[صحيح]"
"كان مِن دُعاءِ رسولِ اللهِ صلَّى اللهُ عليه وسلَّمَ: اللَّهُمَّ إنَّا نَسألُكَ مُوجباتِ رَحمتِكَ، وعزائمَ مَغفرتِكَ، والسَّلامةَ مِن كُلِّ إثمٍ، والغَنيمةَ مِن كُلِّ بِرٍّ، والفوزَ بالجنَّةِ، والنَّجاةَ بعَونِكَ مِنَ النَّارِ.","عبدالله بن مسعود","المستدرك على الصحيحين","صحيح على شرط مسلم"
"أنَّ النبيَّ صلَّى اللهُ عليْهِ وسلَّمَ كان يدعو بهذهِ الدعواتِ اللَّهمَّ إني أعوذُ بك من علمٍ لا ينفعُ ، وقلبٍ لا يخشعُ ، ودعاءٍ لا يُسمعُ ، ونفسٍ لا تشبعُ ثم يقولُ : اللَّهمَّ إني أعوذُ بك من هؤلاءِ الأربعِ.","أنس بن مالك","صحيح النسائي","صحيح"
"كان النَّبيُّ صلَّى اللهُ عليه وسلَّم إذا تَهَجَّدَ مِنَ اللَّيلِ، فذَكَرَ نَحوَ دُعاءِ سُفيانَ، إلَّا أنَّه قال: «ووعدُكَ الحَقُّ، وقَولُكَ الحَقُّ، ولقاؤُكَ الحَقُّ» وقال: «وما أسرَرتُ وما أعلَنتُ، أنتَ إلَهي، لا إلَهَ إلَّا أنتَ».","عبدالله بن عباس","تخريج المسند لشعيب","إسناده صحيح على شرط الشيخين"
"عَلِّمْني دُعاءً أدعو به في صَلاتي، قال: قُلِ: اللَّهمَّ إنِّي ظَلَمتُ نَفسي ظُلمًا كَبيرًا -وقال قُتَيبةُ: كَثيرًا- ولا يَغفِرُ الذُّنوبَ إلَّا أنتَ، فاغفِرْ لي مَغفِرةً مِن عِندِكَ وارحَمني؛ إنَّكَ أنتَ الغَفورُ الرَّحيمُ.","أبو بكر الصديق","صحيح مسلم","[صحيح]"
"لا يقولُها أحدٌ حينَ يُمسي فيأتي عليهِ قَدَرٌ قبلَ أن يُصْبِحَ إلَّا وجبت لهُ الجنة ولا يقولُها حينَ يصبحُ فيأتي عليهِ قدرٌ قبلَ أن يُمْسيَ إلَّا وجبت لهُ الجنةُ [ يعني دعاء سيد الاستغفار ].","شداد بن أوس","الترغيب والترهيب","[إسناده صحيح أو حسن أو ما قاربهما]"
"من حلف على يمينٍ فهو كما حلف إن قال : هو يهوديٌّ ، فهو يهوديٌّ ، وإن قال : هو نصرانيٌّ ، فهو نصرانيٌّ ، وإن قال هو بريءٌ من الإسلامِ فهو بريءٌ من الإسلامِ ، ومن ادَّعَى دعاءَ الجاهليَّةِ فإنَّه من جُثا جهنَّمَ ، قالوا : يا رسولَ اللهِ ، وإن صام وصلَّى ؟ قال : وإن صام وصلَّى.","أبو هريرة","الترغيب والترهيب","[إسناده صحيح أو حسن أو ما قاربهما]"
"يا رسولَ اللَّهِ علِّمني دعاءً أَدعو بِهِ في صلاتي. قالَ: قُل: اللَّهمَّ إنِّي ظلَمتُ نَفسي ظلمًا كثيرًا ولا يغفرُ الذُّنوبَ إلَّا أنتَ فاغفِر لي مغفرةً من عندِكَ وارحَمني إنَّكَ أنتَ الغفورُ الرَّحيمُ.","أبو بكر الصديق","صحيح الترمذي","صحيح"
"""ثلاثٌ لا يَحِلُّ لأحدٍ أنْ يَفعَلَهُنَّ: لا يَؤُمُّ رَجلٌ قومًا فيَخُصُّ نفْسَه بالدُّعاءِ دونَهم، فإنْ فعَلَ فقد خانَهم، ولا يَنظُرُ في قَعرِ بيتٍ قبلَ أنْ يَستَأذِنَ، فإنْ فعَلَ فقد دخَلَ، ولا يُصلِّي وهو حَقِنٌ حتى يَتخفَّفَ"".","ثوبان","تخريج سنن أبي داود","صحيح لغيره دون قوله: ""لا يؤم رجل قوما فيخص نفسه بالدعاء دونهم"""
"اللهُ أكبَرُ عَشْرَ مرَّاتٍ، ثم يُسبِّحُ عَشْرًا، ويُهلِّلُ عَشْرًا، ويَستغفِرُ عَشْرًا، ثم يقولُ: اللَّهُمَّ اغفِرْ لي، واهْدِني وارْزُقني عَشْرًا، ثم يقولُ: اللَّهُمَّ إنِّي أعوذُ بك من ضِيقِ المَقامِ يَومَ القيامةِ عَشْرًا يعني: في دُعاءِ الاستِفتاحِ.","-","سفر السعادة","صحيح"
"علِّمني يا رَسولَ اللَّهِ دعاءً أدعو بِهِ في صَلاتي، وفي بَيتي قالَ: قلِ: اللَّهمَّ إنِّي ظَلمتُ نَفسي ظلمًا كَثيرًا، ولا يَغفِرُ الذُّنوبَ إلَّا أنتَ، فاغفِر لي مَغفرةً مِن عندِكَ، وارحَمني إنَّكَ أنتَ الغفورُ الرَّحيمُ.","أبو بكر الصديق","صحيح ابن خزيمة","أخرجه في صحيحه"
"أنَّ رَسولَ اللهِ صلَّى اللهُ عليه وسلَّمَ أخذ بيَدِه فعَلَّمَه التشَهُّدَ في الصَّلاةِ. فذكر مِثْلَ دُعاءِ الأعمَشِ -يعني مِثْلَ حَديثِ مُسلِمٍ- قال: ""إذا قُلتَ هذا أو قَضَيتَ هذا، فقد قَضَيتَ صَلاتَك، إنْ شِئتَ أن تقومَ فقُمْ، وإن شِئْتَ أن تقعُدَ فاقعُدْ.","عبد الله بن مسعود","الأحكام الوسطى","هذه الزيادة إنما هي من قول ابن مسعود، ذكر ذلك أبو بكر الخطيب في كتاب الفصل للوصل وبينه، وهو الصحيح على ما قال غيره أيضا"
"أنَّه قال لرَسولِ اللهِ صلَّى اللهُ عليه وسلَّم: عَلِّمني دُعاءً أدعو به في صَلاتي، قال: قُل: اللهُمَّ إنِّي ظَلَمتُ نَفسي ظُلمًا كَثيرًا، ولا يَغفِرُ الذُّنوبَ إلَّا أنتَ؛ فاغفِرْ لي مَغفِرةً مِن عِندِك، وارحَمْني إنَّك أنتَ الغَفورُ الرَّحيمُ.","أبو بكر الصديق","صحيح البخاري","[صحيح]"
"أنَّ النَّبيَّ صلَّى اللهُ عليه وعلى آلِه وسلَّمَ كانَ يَدْعو بِهذه الدَّعَواتِ: «اللَّهُمَّ إنِّي أَعوذُ بك مِن عِلمٍ لا يَنفَعُ، وقَلْبٍ لا يَخشَعُ، ودُعاءٍ لا يُسمَعُ، ونَفْسٍ لا تَشبَعُ»، ثُمَّ يقولُ «اللَّهُمَّ إنِّي أَعوذُ بك مِن هؤلاء الأرْبَعِ».","أنس بن مالك","الصحيح المسند","[ذكره في الصحيح المسند]"
"أنَّه قال للنَّبيِّ صلَّى اللهُ عليه وسلَّمَ: عَلِّمْني دُعاءً أَدْعُو بهِ في صَلاتي، قال: قُلْ: «اللَّهمَّ إنِّي ظَلَمْتُ نَفْسي ظُلْمًا كثيرًا، ولا يَغفِرُ الذُّنوبَ إلَّا أنتَ، فاغفِرْ لي مَغفِرةً مِن عِندِكَ، وارْحَمْني؛ إنَّك أنتَ الغفورُ الرَّحيمُ».","أبو بكر الصديق","تخريج مسند أبي بكر","إسناده صحيح"
"قال لرسولِ اللهِ صلَّى اللهُ عليه وسلَّمَ: عَلِّمْني دُعاءً أَدْعُو بهِ في صَلاتي، قال: قُلْ: «اللَّهمَّ إنِّي ظلَمْتُ نَفْسي ظُلْمًا كثيرًا، ولا يَغفِرُ الذُّنوبَ إلَّا أنتَ، فاغفِرْ لي مَغفِرةً مِن عِندِكَ، وارْحَمْني؛ إنَّك أنتَ الغفورُ الرَّحيمُ».","أبو بكر الصديق","تخريج مسند أبي بكر","إسناده صحيح"
"أتيتُ رَسولَ اللَّهِ صلَّى اللَّهُ علَيهِ وسلَّمَ فرأيتُهُ يرفعُ يديهِ إذا افتتحَ الصَّلاةَ ... وإذا جلَسَ في الرَّكعتينِ أضجعَ اليُسرى ونصَبَ اليُمنى ووضعَ يدَهُ اليُمنى علَى فَخذِهِ اليُمنى ، ونصبَ إصبعَهُ للدُّعاءِ ووضعَ يدَهُ اليُسرى علَى رجلِهِ اليُسرى.","وائل بن حجر","تمام المنة","إسناده صحيح"
"-في حديثِ أبي أحمدَ: شَكَلِ بنِ حُميدٍ- قال: قُلتُ: يا رسولَ اللهِ، علِّمْني دعاءً ، قال: قُلِ: اللَّهمَّ إنِّي أعوذُ بك مِن شرِّ سَمْعي، ومِن شرِّ بصَري، ومِن شرِّ لِساني، ومِن شرِّ قلبي، ومِن شرِّ مَنِيِّي.","شكل بن حميد العبسي","تخريج سنن أبي داود","إسناده صحيح"
"عَن شَكَلِ بنِ حُمَيدٍ، قال: أتَيتُ النَّبيَّ صلَّى اللهُ عليه وسلَّم، فذَكَرَ الحَديثَ [عَن شَكَلٍ، قال: قُلتُ: يا رَسولَ اللهِ، عَلِّمني دُعاءً أنتَفِعُ به، قال: قُل: اللهُمَّ إنِّي أعوذُ بكَ مِن شَرِّ سَمعي وبَصَري، وقَلبي ومَنيِّي].","شكل بن حميد","تخريج المسند لشعيب","إسناده صحيح"
"سألتُ ابنَ عباسٍ عن صلاةِ رسولِ اللهِ صلَّى اللهُ عليْهِ وسلَّمَ في الاستسقاءِ ؟ فقال : خرج رسولُ اللهِ صلَّى اللهُ عليْهِ وسلَّمَ متبذِّلًا متواضعًا متضرعًا ، فجلس على المنبرِ ، فلم يخطب خطبتُكم هذه ، لكن لم يزل في التضرعِ ، والدعاءِ ، والتكبيرِ ، وصلى ركعتيْنِ كما كان يصلِّي في العيدِ.","عبدالله بن عباس","المحلى","احتج به ، وقال في المقدمة: (لم نحتج إلا بخبر صحيح من رواية الثقات مسند)"
"أنه سمع ابنَهُ يقولُ: اللَّهُمَّ إنِّي أسألُكَ القَصرَ الأبيضَ عن يمينِ الجنَّةِ ، قالَ: أي بُنَيَّ سلِ اللَّهَ الجنَّةَ وتعوَّذ بهِ منَ النَّارِ فإنِّي سَمِعْتُ رسولَ اللَّهِ صلَّى اللَّهُ علَيهِ وسلَّمَ يقول : إنَّه سَيكونُ في هذِهِ الأمَّةِ قومٌ يعتَدونَ في الطَّهورِ والدُّعاءِ.","عبدالله بن مغفل","هداية الرواة","إسناده صحيح"
"قُلْتُ لأنَسِ بنِ مالكٍ : أخبِرْني عن دعاءٍ كان يدعو به النَّبيُّ صلَّى اللهُ عليه وسلَّم قال : ( اللَّهمَّ آتِنا في الدُّنيا حَسنةً وفي الآخرةِ حَسنةً وقِنا عذابَ النَّارِ ) فلقِيتُ إسماعيلَ فسأَلْتُه فقال : أكثَرُ دعوةٍ يدعو بها : ( ربَّنا آتِنا في الدُّنيا حَسنةً وفي الآخرةِ حَسنةً وقِنا عذابَ النَّارِ ).","أنس بن مالك","صحيح ابن حبان","أخرجه في صحيحه"
"كنَّا جُلوسًا عندَ رسولِ اللهِ صلَّى اللهُ عليه وسلَّمَ، فقالَ: ألا أُخبِرُكم بشيءٍ إذا نَزَلَ برَجُلٍ منكم كَرْبٌ أوْ بلاءٌ مِن بلايا الدُّنيا دَعا به يُفرَجُ عنه؟ فقيلَ له: بَلى، فقالَ: دُعاءُ ذي النُّونِ: لا إلَهَ إلَّا أنتَ سُبحانَكَ إنِّي كنتُ مِن الظَّالمينَ.","سعد بن أبي وقاص","المستدرك على الصحيحين","[سكت عنه وقال في المقدمة رواته ثقات احتج بمثله الشيخان أو أحدهما]"
"عن أبي بَكْرٍ الصِّدِّيقِ ، أنَّهُ قالَ لرسولِ اللَّهِ صلَّى اللَّهُ عليهِ وسلَّمَ : علِّمني دعاءً أدعو بِهِ في صلاتي . قالَ : قلِ : اللَّهمَّ إنِّي ظلَمتُ نفسي ظُلمًا كثيرًا ، ولا يغفرُ الذُّنوبَ إلَّا أنتَ ، فاغفر لي مغفرةً من عندِكَ ، وارحَمني ، إنَّكَ أنتَ الغفورُ الرَّحيمُ.","أبو بكر الصديق","تخريج المسند لشاكر","إسناده صحيح"
"مَن حَلَف على يَمينٍ فهو كما حَلَف؛ إنْ قالَ: هو يَهوديٌّ، فهو يَهوديٌّ، وإنْ قالَ: هو نَصرانيٌّ، فهو نَصرانيٌّ، وإنْ قال هو بَريءٌ منَ الإسلامِ، فهو بَريءٌ منَ الإسلامِ، ومَنِ ادَّعى دُعاءَ الجاهِلِيَّةِ فإنَّه مِن جُثَا جَهَنَّمَ، قالوا: يا رَسولَ اللهِ، وإنْ صامَ وصلَّى؟ قالَ: وإنْ صامَ وصلَّى.","أبو هريرة","المستدرك على الصحيحين","صحيح الإسناد"
"[ عَن ] عبدِ الله بن مُغَفَّلٍ أنه سَمِعَ ابنَه يقولُ: اللهمَّ إني أسألُكَ القصرَ الأبيضَ عن يمين ِالجنة ِإذا دخلتُهَا ، فقال: يا بنيَّ سل ِالله َالجنة َوتعوَّذْ به من النارِ فإني سمعت ُرسولَ الله صلَّى اللهُ عليه وسلَّم يقولُ: إنه سيكونُ في هذهِ الأمة ِقومٌ يعتدُون في الطُّهورِ والدعاءِ.","عبدالله بن مغفل","البدر المنير","صحيح"
"مِثلُه، يَعني مِثلَ دُعاءِ الكَربِ [عَنِ ابنِ عَبَّاسٍ: أنَّ نَبيَّ اللهِ صلَّى اللهُ عليه وسلَّم كان يَدعو عِندَ الكَربِ: لا إلَهَ إلَّا اللهُ العَظيمُ الحَليمُ، لا إلَهَ إلَّا اللهُ أنتَ رَبُّ العَرشِ العَظيمِ، لا إلَهَ إلَّا أنتَ رَبُّ السَّماواتِ ورَبُّ الأرضِ، ورَبُّ العَرشِ الكَريمِ].","عبدالله بن عباس","تخريج المسند لشعيب","إسناده صحيح على شرط مسلم"
"أنَّ أبا بَكرٍ الصِّدِّيقَ رَضيَ اللهُ عنه، قال للنَّبيِّ صلَّى اللهُ عليه وسلَّم: يا رَسولَ اللهِ، عَلِّمْني دُعاءً أدعو به في صَلاتي، قال: قُلِ: اللهُمَّ إنِّي ظَلَمتُ نَفسي ظُلمًا كَثيرًا، ولا يَغفِرُ الذُّنوبَ إلَّا أنتَ، فاغفِرْ لي مِن عِندِكَ مَغفِرةً؛ إنَّكَ أنتَ الغَفورُ الرَّحيمُ.","عبدالله بن عمرو","صحيح البخاري","[صحيح]"
"أنَّ عبْدَ اللهِ بنَ مُغَفَّلٍ سَمِعَ ابْنَهُ يَقولُ: اللَّهُمَّ إنِّي أَسْأَلُكَ القَصْرَ الأَبْيَضَ عنْ يمينِ الجَنَّةِ، إذا دَخَلْتُها، فقالَ: يا بُنَيَّ، سَلِ اللهَ الجَنَّةَ، وتَعَوَّذْ به مِنَ النَّارِ؛ فإنِّي سَمِعْتُ رسولَ اللهِ صلَّى اللهُ عليه وسلَّمَ يقولُ: «إنَّه سَيَكونُ في هذه الأُمَّةِ قَوْمٌ يَعْتَدونَ في الطُّهورِ والدُّعاءِ ».","عبدالله بن مغفل","المستدرك على الصحيحين","[سكت عنه وقال في المقدمة رواته ثقات احتج بمثله الشيخان أو أحدهما]"
"أتيتُ رسولَ اللهِ ، فرأيتُه يرفعُ يدَيه إذا افتتح الصلاةَ حتى يحاذِي مِنكبَيه ، وإذا أراد أن يركعَ ، وإذا جلس في الركعتينِ أضجَع اليسرَى ونصبَ اليمنَى ، ووضع يدَه اليمنَى على فخِذِه اليمنَى ، ونصب إصبعَه للدعاءِ ، ووضع يدَه اليسرَى على فخِذِه اليسرَى . قال : ثم أتيتُهم من قابلٍ ، فرأيتهم يرفعونَ أيدَيهم في البرانسِ.","وائل بن حجر","صحيح النسائي","إسناده صحيح"
"مَن حلف علَى يمينٍ فهوَ كما حلفَ ؛ إن قال : هوَ يَهوديٌّ ؛ فهوَ يَهوديٌّ ، وإن قال : هوَ نَصرانيٌّ ، فهوَ نصرانيٌّ ، وإن قال : هوَ بريءٌ من الإسلامِ ؛ فهوَ بريءٌ من الإسلامِ ، ومن دَعى دُعاءَ الجاهليَّةِ ، فإنَّه مِن جُثَا جهنَّمَ قالوا : يا رسولَ اللهِ ! وإن صامَ وصلَّى ؟ قال : وإِن صامَ وصلَّى.","أبو هريرة","صحيح الترغيب","صحيح لغيره"
"لمَّا وُلِدَ لي إِياسٌ دَعَوْتُ نَفَرًا من أصحابِ النبيِّ صلَّى اللهُ عليهِ وسلَّمَ ؛ فَأَطْعَمْتُهُمْ ، فَدَعَوْا ، فقُلْتُ : إِنَّكُمْ قد دَعَوْتُمْ فَبارَكَ اللهُ لَكُمْ فيما دَعَوْتُمْ ، وإنِّي إنْ أَدْعُو بِدُعَاءٍ فَأَمِّنُوا ، قال : فَدَعَوْتُ لهُ بِدُعَاءٍ كَثِيرٍ في دِينِهِ ، وعَقْلِه وكذا ، قال : فإني لأَتَعَرَّفُ فيهِ دُعَاءَ يومئذٍ.","معاوية بن قرة","صحيح الأدب المفرد","إسناده صحيح مقطوع"
"أنَّ عبدَ اللهِ بنَ مسعودٍ أخَذَ بيدِه، وأنَّ رسولَ اللهِ صلَّى اللهُ عليه وسلَّمَ أخَذَ بيدِ عبدِ اللهِ فعلَّمَه التشهُّدَ في الصَّلاةِ، فذكَرَ مِثلَ دعاءِ حديثِ الأعمشِ: إذا قُلتَ هذا -أو: قضَيتَ هذا- فقد قضَيتَ صلاتَك، إنْ شئتَ أنْ تقومَ فقُمْ، وإنْ شئتَ أنْ تقعُدَ فاقعُدْ.","عبدالله بن مسعود","تخريج سنن أبي داود","إسناده صحيح إلا أنه اختلف على الحسن بن الحر فى قوله: ""إذا قلت هذا فقد قضيت صلاتك ... "" هل هو من كلام النبي - صلى الله عليه وسلم -، أو من كلام ابن مسعود وأدرج في الخبر"
"كان النبيُّ صلَّى اللهُ عليه وسلَّم دفَع إليه زينبَ بنتَ أمِّ سَلَمَةَ, وقال : إنما أنتِ ظِئري, قال : فذهَب فمكَث ما شاء اللهُ, ثم جاء إليه, فقال : ما فعَلَتِ الجويريةُ ؟ قال : عندَ أمِّها, قال : مجيئي ما جئتَ له ؟ قال : جئتُ لتُعلِّمَني دعاءً أقولُه عندَ مَنامي, قال : اقرَأْ قُلْ يا أيُّها الكافِرونَ , فإنهَّا براءةٌ منَ الشركِ.","نوفل بن فروة الأشجعي","تغليق التعليق","إسناده صحيح"
"أتيتُ رسولَ اللهِ صلَّى اللهُ عليه وسلم فرأيتُه يرفعُ يديهِ إذا افتتحَ الصلاةَ حتَّى يُحاذيَ مَنكِبيهِ ، وإذا أراد أنْ يركعَ . وإذا جلس في الركعتينِ أضْجعَ اليسرَى ونصب اليمنَى ووضع يدَهُ اليمنَى على فخِذهِ اليمنَى ونصب أصبعَهُ للدعاءِ ووضع يدَهُ اليسرَى على فخِذهِ اليسرَى . قال : ثمَّ أتيتُهم من قابلٍ فرأيتُهم يرفعونَ أيديَهم في البَرانِسِ.","وائل بن حجر","أصل صفة الصلاة","إسناده صحيح"
"عن أبي بَكرٍ الصِّدِّيقِ، أنَّه قال لرَسولِ اللهِ صلَّى اللهُ عليه وسلَّم: عَلِّمني دُعاءً أدعو به في صَلاتي، قال: «قُلِ اللهمَّ إنِّي ظَلَمتُ نَفسي ظُلمًا كَثيرًا، ولا يَغفِرُ الذُّنوبَ إلَّا أنتَ، فاغفِرْ لي مَغفِرةً مِن عِندِكَ، وارحَمْني إنَّكَ أنتَ الغَفورُ الرَّحيمُ»، وقال يونُسُ: «كَبيرًا» حَدَّثَناه حَسَنٌ الأشيَبُ، عَنِ ابنِ لهيعةَ، قال: «كَبيرًا».","أبو بكر الصديق","تخريج المسند لشعيب","إسناده صحيح على شرط الشيخين"
"كان مِن دُعاءِ رسولِ اللهِ صلَّى اللهُ عليه وسلَّمَ: اللَّهُمَّ أَمْتِعْني بسَمْعي وبَصَري حتَّى تَجعلَهُما الوارِثَ مِنِّي، وعافِني في ديني وجَسدي، وانصُرْني ممَّنْ ظَلَمني حتَّى تُريَني فيه ثَأْري، اللَّهُمَّ إنِّي أَسلَمتُ ديني إليكَ، وفوَّضْتُ أَمري إليكَ، وأَلجأتُ ظَهْري إليكَ، وخَلَّيتُ وَجهي إليكَ، لا مَلجأَ منكَ إلَّا إليكَ، آمنتُ برسولِكَ الَّذي أَرسلتَ، وبكتابِكَ الَّذي أَنزَلْتَ.","علي","المستدرك على الصحيحين","صحيح الإسناد"
"كان داودُ أعبدَ البشرِ.[حديث أبي الدرداء: كانَ مِن دعاءِ داودَ يقولُ : اللَّهُمَّ ! إنِّي أسألُكَ حبَّكَ وحُبَّ مَن يحبُّكَ والعَملَ الَّذي يُبلِّغُني حبَّكَ اللَّهمَّ اجعَل حبَّكَ أحبَّ إليَّ من نفسي وأهلي ومنَ الماءِ الباردِ قالَ وَكانَ رسولُ اللَّهِ صلَّى اللَّهُ عليهِ وسلَّمَ إذا ذَكرَ داودَ يحدِّثُ عنهُ قالَ كانَ أعبَدَ البشَرِ].","أبو الدرداء","الجامع الصغير","صحيح"
"عن أبي موسى أنَّهم كانوا مع رسولِ اللهِ صلَّى اللهُ عليه وسلَّمَ في سَفرٍ، فرَفَعوا أصْواتَهم بالدُّعاءِ ، فقال رسولُ اللهِ صلَّى اللهُ عليه وسلَّمَ: إنَّكم لا تَدعونَ أصَمَّ ولا غائبًا، إنَّكم تَدعونَ قَريبًا مُجيبًا يَسمَعُ دُعاءَكم ويَستجيبُ، ثُمَّ قال: يا عبدَ اللهِ بنَ قَيسٍ -أو: يا أبا موسى- ألَا أدُلُّكَ على كَنزٍ مِن كُنوزِ الجنَّةِ؟ لا حَولَ ولا قوَّةَ إلَّا باللهِ.","أبو موسى الأشعري","تخريج المسند لشعيب","إسناده صحيح على شرط الشيخين"
"كان مِن دُعاءِ النَّبيِّ صلَّى اللهُ عليه وسلَّمَ: ربِّ أَعِنِّي، ولا تُعِنْ عَلَيَّ، وانصُرني ولا تَنصُرْ عَلَيَّ، وامكُرْ لي ولا تَمكُرْ عَلَيَّ، واهدِني ويَسِّرِ الهُدى لي، وانصُرني على مَنْ بَغى عَلَيَّ، ربِّ اجعلْني لكَ شَكَّارًا، لكَ ذَكَّارًا، لكَ رهَّابًا، لكَ مِطواعًا لكَ مُخبتًا، لكَ أوَّاهًا مُنيبًا، تَقبَّلْ تَوبَتي، وأَجِبْ دَعْوتي، واهدِ قَلبي، وثَبِّتْ حُجَّتي، وسَدِّدْ لساني، واسلُلْ سَخيمةَ قَلبي.","عبدالله بن عباس","المستدرك على الصحيحين","صحيح الإسناد"
"عنِ ابنِ عبَّاسٍ رَضيَ اللهُ عنهُما في قولِهِ عزَّ وجلَّ: {وَاخْتَارَ مُوسَى قَوْمَهُ سَبْعِينَ رَجُلًا لِمِيقَاتِنَا} [الأعراف: 155]، قالَ: دَعا موسى فبَعَثَ اللهُ سبعينَ، فجَعَلَ دُعاءهُ حين دَعاهُ لمَنْ آمَنَ بمُحمَّدٍ صلَّى اللهُ عليه وسلَّمَ، واتَّبعَهُ قولَهُ فاغفِرْ لنا وارْحَمْنا وأنتَ خيرُ الغافرينَ، فسأَكْتُبُها للَّذين يَتَّقونَ ويؤتونَ الزَّكاةَ، والَّذينَ يَتَّبِعون مُحمَّدًا صلَّى اللهُ عليه وسلَّمَ.","سعيد بن جبير","المستدرك على الصحيحين","صحيح الإسناد"
"أنَّها جاءَتْ هي وأبواها أبو بَكْرٍ وأُمُّ رُومانَ، فَقَالا: إنَّا نُحِبُّ أنْ تَدْعُوَ لعائشةَ بدَعْوةٍ ونحنُ نَسْمَعُ، فقالَ رَسولُ اللهِ صلَّى اللهُ عليه وسلَّمَ: اللَّهُمَّ اغفِرْ لعائشةَ بنتِ أبي بَكْرٍ الصِّدِّيقِ مَغفرةً واجبةً ظاهرةً باطنةً، فعَجِبَ أبواها لحُسْنِ دعاءِ النَّبيِّ صلَّى اللهُ عليه وسلَّمَ لها، فقالَ: أتَعْجبانِ؟! هذه دَعْوتي لِمَن شَهِدَ أنْ لَا إلَهَ إلَّا اللهُ وأنِّي رَسولُ اللهِ.","عائشة","المستدرك على الصحيحين","[سكت عنه وقال في المقدمة رواته ثقات احتج بمثله الشيخان أو أحدهما]"
"أنَّ مُعاويةَ بنَ حُدَيجٍ مَرَّ على أبي ذَرٍّ وهو قائِمٌ عِندَ فرَسٍ له، فسَألَه: ما تُعالِجُ مِن فرَسِكَ هذا؟ فقال: «إنِّي أظُنُّ أنَّ هذا الفَرَسَ قدِ استُجيبَ له دَعوتُه». قال: وما دُعاءُ البَهيمةِ مِنَ البَهائِمِ؟! قال: ""والذي نَفسي بيَدِه، ما مِن فرَسٍ إلَّا وهو يَدعو كُلَّ سَحَرٍ فيَقولُ: اللهُمَّ أنتَ خَوَّلتَني عَبدًا مِن عِبادِكَ، وجَعَلتَ رِزقي بيَدِه، فاجعَلْني أحَبَّ إليه مِن أهلِه ومالِه وولَدِه"".","ابن شماسة","تخريج المسند لشعيب","إسناده صحيح"
"أنَّ رسولَ اللهِ صلَّى اللهُ عليه وسلَّمَ كان يَدعو فيَقولُ: اللَّهُمَّ طَهِّرْني بالثَّلجِ والبَرَدِ والماءِ الباردِ، اللَّهُمَّ طَهِّرْ قَلبي مِن الخَطايا كما طَهَّرتَ الثَّوبَ الأبيَضَ مِن الدَّنَسِ، وباعِدْ بيْني وبيْنَ ذُنوبي كما باعَدتَ بيْنَ المَشرِقِ والمَغرِبِ، اللَّهُمَّ إنِّي أعوذُ بك مِن قَلبٍ لا يَخشَعُ، ومِن نَفْسٍ لا تَشبَعُ، ودُعاءٍ لا يُسمَعُ، وعِلمٍ لا يَنفَعُ، اللَّهُمَّ إنِّي أعوذُ بك مِن هؤلاء الأربعِ، اللَّهُمَّ إنِّي أسأَلُكَ عيشةً تَقيَّةً، وميتةً سَويَّةً، ومَرَدًّا غيرَ مُخزٍ.","عبدالله بن أبي أوفى","تخريج المسند لشعيب","صحيح لغيره"
"كان فيما دَعا به رسولُ اللهِ صلَّى اللهُ عليه وسلَّم في حَجَّةِ الوَداعِ: اللَّهُمَّ إنَّك تَسمَعُ كَلامي، وتَرى مَكاني، وتَعلَمُ سِرِّي وعَلانيتي، لا يَخفى عليك شَيءٌ من أمْري، أنا البائِسُ الفقيرُ، المستغيثُ المستجيرُ، الواجِلُ المُشفِقُ، المُقِرُّ المُعتَرِفُ بذَنْبِه، أسأَلُك مَسأَلةَ المِسكينِ، وأبتَهِلُ إليك ابتهالَ المُذنِبِ الذَّليلِ، وأدْعوك دُعاءَ الخائِفِ الضَّريرِ، مَن خَضَعتْ لك رَقبتُه، وفاضتْ لك عَيناهُ، وذَلَّ جَسَدُه، ورَغِمَ لك أنْفُه، اللَّهُمَّ لا تَجعَلْني بدُعائِك شَقيًّا، وكُنْ بي رَؤوفًا رَحيمًا، يا خَيرَ المَسْؤولينَ، ويا خَيرَ المُعْطينَ، [وفي رِوايَةٍ:] زادَ: الوجِلُ المُشفِقُ.","عبدالله بن عباس","مجمع الزوائد","فيه يحيى بن صالح الأبلي قال العقيلي‏‏ روى عنه يحيى بن بكير مناكير وبقية رجاله رجال الصحيح"
"أَخَّرَ طَوَافَ الزيارةِ يومَ النحرِ إلى الليلِ.","عبدالله بن عباس وعائشة","هداية الرواة","صحيح"
"أنَّ النبيَّ صلَّى اللهُ عليه وسلَّمَ أخَّرَ طوافَ الزيارَةِ إلى الليلِ.","عبدالله بن عباس وعائشة","سنن الترمذي","حسن صحيح"
"«أنَّ صَفِيَّةَ حاضَتْ بَعْدَ الزِّيارةِ ، فأمَرَها النَّبيُّ صلَّى اللهُ عليه وسلَّمَ أن تَنفِرَ».","عبدالله بن عباس","الأحاديث المختارة","له شاهد في الصحيح من حديث عائشة - رَضيَ اللهُ عنها -"
"إنَّ زيدَ بنَ ثابتٍ وابنَ عباسٍ اختلفا في المرأةِ تحيضُ بعد الزيارةِ في يومِ النحرِ بعد ما طافت بالبيتِ فقال زيدٌ يكون آخرُ عهدِها الطوافَ بالبيتِ وقال ابنُ عباسٍ تنفر إن شاءت فقال الأنصارُ لا نتابعُك يا ابنَ عباسٍ وأنت تخالف زيدًا وقال واسألوا صاحبتَكم أمَّ سُليمٍ فقالت حضتُ بعد ما طُفتُ بالبيتِ يومَ النحرِ فأمرَني رسولُ اللهِ صلَّى اللهُ عليهِ وسلَّمَ أن أنفِرَ وحاضتْ صفيَّةُ فقالت لها عائشةُ الخيبةُ لكِ إنك لحابِستِنا فذكر ذلك للنبيِّ صلَّى اللهُ عليهِ وسلَّمَ فقال مُروها فلْتنفِرْ.","أم سليم بنت ملحان أم أنس بن مالك","إرواء الغليل","إسناده صحيح"
"قد كنتُ نهيتُكم عن زيارةِ القبورِ فقد أُذِن لمحمَّدٍ في زيارةِ قبرِ أمِّه فزُورُوها فإنَّها تُذكِّرُ الآخرةَ.","بريدة بن الحصيب الأسلمي","الترغيب والترهيب","[إسناده صحيح أو حسن أو ما قاربهما]"
"كنتُ نَهيتُكم عن ثلاثٍ لا أبالي أن تأتوهنَّ نَهيتُكم عن زيارةِ القبورِ فزورُوها فقد أُذِنَ لِمُحمَّدٍ في زيارةِ قبرِ أمِّهِ.","بريدة بن الحصيب الأسلمي","الناسخ والمنسوخ لابن شاهين","صحيح"
"قدْ كنتُ نهيتُكم عن زيارَةِ القبورِ ، فقدْ أذِنَ لمحمدٍ في زيارةِ قبرِ أمِّهِ ، فزوروها ، فإِنَّها تذكرُكم الآخرةَ.","بريدة بن الحصيب الأسلمي","صحيح الجامع","صحيح"
"قَد كُنتُ نَهَيتُكُم عَن زيارةِ القُبورِ ، فقَدْ أذنَ لِمُحمَّدٍ في زيارَةِ قبرِ أمِّهِ ، فَزوروها فإنَّها تذَكِّرُ الآخِرةَ.","بريدة بن الحصيب الأسلمي","صحيح الترمذي","صحيح"
"قد كنتُ نهَيتُكم عن زيارةِ القبورِ ، فقد أُذِنَ لمحمَّدٍ صلَّى اللَّهُ عليهِ وسلَّمَ في زيارةِ قَبرِ أمِّهِ فزورُوها ، فإنَّها تذَكِّرُ الآخرةَ.","بريدة بن الحصيب الأسلمي","معارج القبول","صحيح"
"إنِّي كُنتُ نُهيتُكم عن ثلاثٍ: عن زيارةِ القُبورِ، وعن لُحومِ الأضاحيِّ أنْ تُحبَسَ فوقَ ثلاثٍ، وعن الأوعيةِ، ونَهيتُكم عن لُحومِ الأضاحيِّ لِيُوسِّعْ ذو السَّعةِ على مَن لا سَعةَ له، فكُلوا وادَّخِروا، ونَهيتُكم عن زيارةِ القُبورِ، وإنَّ مُحمَّدًا قد أُذِنَ له في زيارةِ قَبرِ أُمِّه، ونَهيتُكم عن الظُّروفِ، وإنَّ الظُّروفَ لا تُحرِّمُ شَيئًا ولا تُحِلُّه، وكُلُّ مُسكِرٍ حَرامٌ.","بريدة بن الحصيب الأسلمي","تخريج المسند لشعيب","صحيح"
"كنتُ نَهَيتُكم عن زِيارةِ القُبورِ فزوروها.","بريدة بن الحصيب الأسلمي","ناسخ الحديث ومنسوخه","صحيح"
"إني كُنْتُ نَهَيْتُكم عن لحومِ الأضاحي بعدَ ثلاثٍ ، و عن النَّبِيذِ إلا في سقاءٍ ، و عن زيارةِ القبورِ ، فكُلُوا مِن لحومِ الأضاحي ، ما بدا لكم ، و تَزَوُّدُوا و ادَّخِروا ، و مَن أرادَ زيارةَ القبورِ ؛ فإنها تُذَكِّرُ الآخرةَ ، و اشربوا، و اتقوا كلَّ مُسْكِرٍ.","بريدة بن الحصيب الأسلمي","صحيح النسائي","صحيح [لغيره]"
"نهى رسولُ الله صلَّى اللهُ عليه وسلَّم عن زيارةِ القبورِ، فذكَرَ معناه [أي معنى حديثِ: أنَّ رسولَ الله صلَّى اللهُ عليه وسلَّم نهى عن زيارةِ القُبورِ، وعن الأوعيةِ، وأن تُحبَسَ لُحومُ الأضاحيِّ بعد ثلاثٍ، ثمَّ قال: إنِّي كنتُ نهيتُكم عن زيارةِ القُبورِ، فزُوروها؛ فإنَّها تُذَكِّرُكم الآخرةَ، ونهيتُكم عن الأوعيةِ، فاشرَبوا فيها، واجتَنِبوا كُلَّ ما أسكَرَ، ونهيتُكم عن لحومِ الأضاحيِّ أن تَحبِسوها بعد ثلاثٍ، فاحبِسوا ما بدا لكم] إلَّا أنَّه قال: وإيَّاكم وكُلَّ مُسكِرٍ.","علي بن أبي طالب","تخريج المسند لشعيب","صحيح لغيره"
"نَهيتُكم عن زيارةِ القبورِ فزوروها فإنَّ في زيارتِها تذَكُّرًا.","بريدة بن الحصيب الأسلمي","الناسخ والمنسوخ لابن شاهين","صحيح"
"عن أمِّ المؤمنين ، وابنِ عمرَ وغيرِهما زيارةُ القبورِ.","-","المحلى","صحيح"
"إنِّي نهيتُكم عن زيارةِ القبورِ فزُورُوها فإنَّ فيها عِبرةً.","أبو سعيد الخدري","الترغيب والترهيب","رواته محتج بهم في الصحيح"
"كنتُ نهيتُكم عن زيارةِ القبورِ فزوروها ولا تقولوا هُجْرًا.","بريدة بن الحصيب الأسلمي","تحفة المحتاج","صحيح أو حسن [كما اشترط على نفسه في المقدمة]"
"نَهَيْتُكم عن زيارةِ القبورِ فزوروها ، فإِنَّها تُذَكِّرُكمُ الموتَ.","أنس بن مالك","صحيح الجامع","صحيح"
"نَهَيتُكُم عنْ زِيارةِ القُبورِ فزُوروها، فإنَّها تُذَكِّرُكُمُ المَوتَ.","أنس بن مالك","المستدرك على الصحيحين","[سكت عنه وقال في المقدمة رواته ثقات احتج بمثله الشيخان أو أحدهما]"
"كنتُ نهيتُكم عن زيارةِ القبورِ فزوروها فإنها تُذكِّرُكم الآخرةَ.","بريدة بن الحصيب الأسلمي","تحفة المحتاج","صحيح أو حسن [كما اشترط على نفسه في المقدمة]"
"كنتُ نهيتُكم عن زيارةِ القبورِ ، فزوروها ، فإنها تُذكِّرُكم الآخرةَ.","-","البدر المنير","صحيح وله طرق كثيرة"
"إنِّي نَهيتُكم عن زيارةِ القبورِ فزوروها، فإنَّ فيها عبرةًولا تَقولوا ما يُسخِطُ الرَّبَّ.","أبو سعيد الخدري","أحكام الجنائز","صحيح على شرط مسلم"
"كنتُ نَهَيتُكم عن زيارةِ القبورِ ؛ فمن أراد أن يزورَ ؛ فلْيزُرْ ، ولا تقولوا هُجْرًا.","بريدة بن الحصيب الأسلمي","النصيحة","صحيح بتمامه"
"كنتُ نهيتُكم عن زيارةِ القبورِ فزُوروا القبورَ فإنَّها تُزهِّدُ في الدُّنيا وتُذكِّرُ الآخرةَ.","عبدالله بن مسعود","الترغيب والترهيب","إسناده صحيح"
"[أنَّ رسولَ اللَّهِ - صلَّى اللَّهُ عليهِ وعلى آله وسلَّمَ -] رخَّصَ في زيارةِ القبورِ.","عائشة أم المؤمنين","صحيح ابن ماجه","صحيح"
"أنَّ رسولَ اللَّهِ - صلَّى اللَّهُ عليهِ وعلى آله وسلَّمَ - رخَّصَ في زيارةِ القبورِ.","عائشة أم المؤمنين","الصحيح المسند","صحيح"
"إنِّي نهَيْتُكم عن ثلاثٍ عن زيارةِ القبورِ وعن لحومِ الأضاحيِّ أنْ تُمسِكوها فوقَ ثلاثةِ أيَّام ٍوعن الظُّروفِ إلَّا ما كان في سقاءٍ وقد رُخِّص لمحمَّدٍ صلَّى اللهُ عليه وسلَّم في زيارةِ قبرِ أمِّه وإنَّما نهَيْتُكم عن أنْ تُمسِكوا لحومَ الأضاحيِّ فوقَ ثلاثةِ أيَّامٍ ليوسِّعَ ذو السَّعةِ منكم على مَن لم يُضَحِّ ونهَيْتُكم عن الظُّروفِ إلَّا ما كان مِن سقاءٍ فلا يُحِلُّ ظَرْفٌ شيئًا ولا يُحرِّمُه.","بريدة","صحيح ابن حبان","أخرجه في صحيحه"
"أنَّ عائشةَ أقبلَتْ ذاتَ يومٍ مِنَ المقابِرِ ، فقلتُ لها : يا أمَّ المؤمنينَ مِنْ أَيْنَ أَقْبَلْتِ ؟ قَالَتْ : مِنْ قَبْرِ عبدِ الرحمنِ بنِ أبي بكرٍ ، فقُلْتُ لَها : أليسَ كانَ رسولُ اللهِ صلَّى اللهُ عليه وسلَّمَ نَهى عنْ زيارَةِ القبورِ ؟ قالتْ : نَعَمْ : ثُمَّ أمَرَ بزيارتِها . وفي رواية عنها أنَّ رسولَ اللهِ صلَّى اللهُ عليه وسلَّمَ رخَّصَ في زيارَةِ القبورِ.","عائشة أم المؤمنين","أحكام الجنائز","إسناده صحيح رجاله ثقات"
"كنتُ نَهيتُكم عن زيارةِ القبورِ فزورُوها وَكنتُ نَهيتُكم عن الانتباذِ في الأوعيةِ فانتبِذوا ولا تشرَبوا مسكِرًا ورويَ فزوروها ولا تقولوا هُجرًا.","-","مجموع الفتاوى","صحيح"
"إني كنتُ نهيتُكم عن لحومِ الأضاحي فتزوَّدُوا وادِّخِرُوا ، ومن أراد زيارةَ القبورِ فإنها تُذكِّرُ الآخرةَ ، واشربوا واتَّقوا كلَّ مسكرٍ.","بريدة بن الحصيب الأسلمي","صحيح النسائي","صحيح"
"""إنِّي نهَيْتُكم عن زيارةِ القُبورِ فزوروها؛ فإنَّ فيها عِبرةً، ونهَيْتُكم عنِ النَّبيذِ فاشرَبوا، ولا أُحِلُّ مُسكِرًا، ونهَيْتُكم عنِ الأَضاحي فكُلوا"".","أبو سعيد الخدري","تخريج المسند لشعيب","صحيح"
"عنه رَضِيَ اللهُ تعالى عنه، قال: «قال رسولُ اللهِ صلَّى اللهُ عليه وسلَّم: إني نهيتُكم عن زيارةِ القُبورِ فزُوروُها؛ فإنَّ فيها عِبرةً».","أبو سعيد الخدري","سبل الهدى والرشاد","[رجاله] رجال الصحيح"
"نَهَيتُكُم عنْ زِيارةِ القُبورِ، فزُوروها؛ فإنَّ فيها عِبرةً، ونَهَيتُكُم عنِ النَّبيذِ، ألَا فانبِذوا، ولا أُحِلُّ مُسكِرًا، ونَهَيتُكُم عنْ لُحومِ الأضاحي، فكُلوا وادَّخِروا.","أبو سعيد الخدري","المستدرك على الصحيحين","صحيح على شرط مسلم"
"إنِّي كنتُ نَهَيتُكم عن زيارةِ القُبورِ، فزُوروها، ونَهَيتُكم أنْ تَحبِسوا لُحومَ الأضاحي فوقَ ثلاثٍ، فاحبِسوا، ونَهَيتُكم عن الظُّروفِ، فانبِذوا فيها، واجتَنِبوا كلَّ مُسكِرٍ.","عبدالله بن مسعود","تخريج المسند لشعيب","صحيح لغيره"
"نهَيْتُكم عن زيارةِ القبورِ فزُوروها ونهَيْتُكم عن لحومِ الأضاحيِّ أنْ تُمسِكوها فوقَ ثلاثٍ فأمسِكوا ما بدا لكم ونهَيْتُكم عن النَّبيذِ إلَّا في سقاءٍ فاشرَبوا ولا تشرَبوا مُسكِرًا.","بريدة","صحيح ابن حبان","أخرجه في صحيحه"
"نهَيْتُكم عن زيارةِ القبورِ فزُوروها ونهَيْتُكم عن لحومِ الأضاحيِّ فوقَ ثلاثٍ فأمسِكوا ما بدا لكم ونهَيْتُكم عن النَّبيذِ إلَّا في سقاءٍ فاشرَبوا في الأسقيةِ كلِّها ولا تشرَبوا مُسكِرًا.","بريدة","صحيح ابن حبان","أخرجه في صحيحه"
"كنتُ نهيتُكم عن لحومِ الْأَضاحِي فوق ثلاثٍ فكلُوا وادَّخِرُوا ونهيتُكُمْ عن زيارَةِ القبورِ فزُورُوها ولا تقولوا ما يُسْخِطُ الربَّ ونَهَيْتُكُمْ عن الأَوْعِيَةِ فانْتَبِذُوا وكلُّ مسكِرٍ حرامٌ.","أبو سعيد الخدري","مجمع الزوائد","رجاله رجال الصحيح"
"أنَّ رسولَ اللهِ صلَّى اللهُ عليه وسلَّم كان يُكْثِرُ زيارَةَ الأنصارِ خاصَّةً وعامَّةً فكان إذا زار خاصَّةً أتى الرجُلَ في منزلِهِ وإذا زارَ عامَّةً أَتَى المسْجِدَ.","أبو موسى الأشعري","مجمع الزوائد","فيه راو لم يسم وبقية رجاله رجال الصحيح‏"
"نَهيتُكم عن زيارةِ القبورِ فزوروها ونَهيتُكم عن لحومِ الأضاحيِّ فوقَ ثلاثةِ أيَّامٍ فأمسِكوا ما بدا لَكم ونَهيتُكم عنِ النَّبيذِ إلَّا في سقاءٍ فاشربوا في الأسقيةِ كلِّها ولا تشربوا مسكرًا.","بريدة بن الحصيب الأسلمي","صحيح النسائي","صحيح"
"إنَّي كنتُ نهيتُكم عن زيارةِ القبورِ فزوروها ، ونهيتُكم عن لحومِ الأضاحيِّ بعدَ ثلاثٍ فكلوا منها ما شئتم ونهيتُكم عنِ الأشربَةِ في الأوعيةِ فاشربوا في أي وعاءٍ شئتُم ولاَ تشربوا مُسكِرًا.","بريدة بن الحصيب الأسلمي","صحيح النسائي","صحيح"
"نَهيتُكم عن زِيارةِ القُبورِ فزُوروها، ونَهيتُكم عن لُحومِ الأضاحيِّ أنْ تُمسِكوها فوقَ ثلاثٍ، فأمْسِكوها ما بَدا لكم، ونَهيتُكم عن النَّبيذِ إلَّا في سِقاءٍ، فاشْرَبوا في الأسقيةِ كُلِّها، ولا تَشرَبوا مُسكِرًا.","بريدة بن الحصيب الأسلمي","تخريج المسند لشعيب","إسناده صحيح على شرط مسلم"
"كُنتُ نَهيتُكم عن ثلاثٍ: عن زيارةِ القُبورِ فزُورُوها؛ فإنَّ في زِيارتِها عِظةً وعِبْرةً، ونَهيتُكم عن لُحومِ الأضاحيِّ فوقَ ثلاثٍ، فكُلوا وادَّخِروا، ونَهيتُكم عن النَّبيذِ في هذه الأسقيةِ فاشْرَبوا، ولا تَشرَبوا حَرامًا.","بريدة بن الحصيب الأسلمي","تخريج المسند لشعيب","صحيح"
"إنَّي كنتُ نهيتُكم عن ثلاث : زيارةِ القبورِ فزوروها ولتزدْكم زيارتُها خيرًا ، ونهيتُكم عن لحوم الأضاحيِّ بعد ثلاث فكلوا منها ما شئتم ، ونهيتُكم عنِ الأشربةِ في الأوعيةِ فاشربوا في أيِّ وعاءٍ شئتُم ، ولاَ تشربوا مُسكِرًا.","بريدة بن الحصيب الأسلمي","صحيح النسائي","صحيح"
"إني كنتُ نَهَيْتُكم عن ثلاثٍ: عن زيارةِ القبورِ فزُورُوها ، ولْتَزِدْكم زيارتُها خيرًا ، و نَهَيْتُكم عن لحومِ الأضاحي بعدَ ثلاثٍ ، فكُلُوا منها، و أَمْسِكوا ما شِئْتُم ، ونَهَيْتُكم عن الأشربةِ في الأوعيةِ ، فاشربوا في أيِّ وعاءٍ شِئْتُم ، و لا تَشْرَبوا مُسْكِرًا.","بريدة بن الحصيب الأسلمي","صحيح النسائي","صحيح"
"حديثُ نسخِ تحريمِ ادِّخارِ لحومِ الأضاحي [يعني حديث: نَهَيْتُكُمْ عن زِيارَةِ القُبُورِ، فَزُورُوها، ونَهَيْتُكُمْ عن لُحُومِ الأضاحِيِّ فَوْقَ ثَلاثٍ، فأمْسِكُوا ما بَدا لَكُمْ، ونَهَيْتُكُمْ عَنِ النَّبِيذِ إلَّا في سِقاءٍ، فاشْرَبُوا في الأسْقِيَةِ كُلِّها، ولا تَشْرَبُوا مُسْكِرًا.].","[بريدة بن الحصيب]","غاية مأمول الراغب","صحيح"
"إنِّي نَهَيتُكم عن لُحومِ الأضاحيِّ وادِّخارِه بعْدَ ثلاثةِ أيَّامٍ، فكُلوا وادَّخِروا؛ فقد جاءَ اللهُ بالسَّعةِ، ونَهَيتُكم عن أشياءَ من الأشْرِبةِ والأنْبِذةِ، فاشْرَبوا، وكُلُّ مُسكِرٍ حَرامٌ، ونَهَيتُكم عن زيارةِ القُبورِ، فإنْ زُرْتُموها فلا تَقولوا هُجْرًا.","أبو سعيد الخدري","تخريج المسند لشعيب","صحيح، غير قوله: ""فقد جاء الله بالسعة"""
"إنِّي كُنتُ نَهَيتُكُم عَن زيارةِ القُبورِ فزوروها؛ فإنَّها تُذَكِّرُ الآخِرةَ، ونَهَيتُكُم عَن نَبيذِ الجَرِّ، فانتَبِذوا في كُلِّ وِعاءٍ، واجتَنِبوا كُلَّ مُسكِرٍ، ونَهَيتُكُم عَن أكلِ لُحومِ الأضاحيِّ بَعدَ ثَلاثٍ، فكُلوا وتَزَوَّدوا وادَّخِروا.","بريدة بن الحصيب","تخريج المسند لشعيب","صحيح"
"إِنَّي كنتُ نَهَىيتُكم عنْ زيارةِ القبورِ ، فزوروها ، لُتُذَكِّرَكُمْ زيارتُها خيرًا ، وكنتُ نَهَىيتُكم عنْ لحومِ الأضاحي بعدَ ثلاثٍ ، فكلُوا ، وأمسِكُوا ما شئتُم ، و كنتُ نَهَىيتُكم عنِ الأشْرِبَةِ في الأوْعِيَةِ ، فاشربوا في أيِّ وعاءٍ شئتُم ، و لا تشربوا مُسْكِرًا.","بريدة بن الحصيب الأسلمي","صحيح الجامع","صحيح"
"أنَّ رسولَ اللهِ صلَّى اللهُ عليه وسلَّمَ أرادَ زيارةَ فاطمةَ عليها السَّلامُ، فرأى على بابِها سِترًا، فانصَرَفَ، ولم يدخُلْ، فعَرَفتْ أنَّه رَجَعَ لأمرٍ كَرِهَه، فأرسَلَتْ إليه فقال: ما لي وللدُّنْيا؟ ما لي وللرَّقْمِ؟ قولوا لها تَنزِعُ تلك السِّتارةَ، وتُعطيها بني فلانٍ.","-","تخريج العواصم والقواصم","حديث صحيح"
"قال عليّ بن أبي طالبٍ لعمرَ بن الخطابِ – رضي الله عنهما - : أنهيتَ عن المتعةِ ؟ قال : لا ، ولكني أردتُ كثرةَ زيارةَِ البيتِ . فقال عليّ : من أفردَ الحجَّ فحسنٌ ، ومن تمتَّعَ فقد أخذَ بكتابِ اللهِ تعالى وسنةُ نبيهِ صلى الله عليه وسلم.","علي بن أبي طالب","المجموع للنووي","إسناده صحيح"
"أنَّ عائشةَ أقبلتْ ذاتَ يومٍ من المقابرِ فقلتُ لها يا أمَّ المؤمنينَ من أينَ أقبلتِ قالت من قبرِ أخي عبدِ الرحمنِ بنِ أبي بكرٍ فقلتُ لها أليسَ كان رسولُ اللهِ صلَّى اللهُ عليهِ وسلَّمَ نهَى عن زيارةِ القبورِ قالت نعم ثم أَمَرَ بزيارَتِهَا.","عائشة أم المؤمنين","إرواء الغليل","صحيح"
"إنِّي كنتُ نَهَيتُكم أن تأْكلوا لحومَ الأضاحيِّ إلَّا ثلاثًا فَكلوا وأطعِموا وادَّخِروا ما بدا لَكم وذَكرتُ لَكم أن لا تنتبِذوا في الظُّروفِ الدُّبَّاءِ والمزفَّتِ والنَّقيرِ والحنتَمِ انتبِذوا فيما رأيتُم واجتنِبوا كلَّ مُسْكِرٍ ونَهيتُكُم عن زيارَةِ القبورِ فمَن أرادَ أن يزورَ فليزُرْ ولا تقولوا هُجْرًا.","بريدة بن الحصيب الأسلمي","صحيح النسائي","صحيح"
"نَهَيتُكُم عن زيارةِ القُبورِ فزوروها، ونَهَيتُكُم عن لُحومِ الأضاحيِّ فوقَ ثَلاثٍ فأمسِكوا ما بَدا لكم، ونَهَيتُكُم عَنِ النَّبيذِ إلَّا في سِقاءٍ، فاشرَبوا في الأسقيةِ كُلِّها، ولا تَشرَبوا مُسكِرًا. وفي روايةٍ: أنَّ رَسولَ اللهِ صلَّى اللهُ عليه وسلَّم قال: كُنتُ نَهَيتُكُم، فذَكَرَ بمَعنى حَديثِ أبي سِنانٍ.","بريدة بن الحصيب الأسلمي","صحيح مسلم","[صحيح]"
"إِنَّي كنتُ نَهَىيتُكُم : أنْ تأكلُوا لحومَ الأضاحي إلَّا ثلاثًا ، فكُلُوا ، وأطعِموا ، وادَّخِروا ما بَدَا لكم . وذكرتُ لكم : أنْ َلا تَنْبِذُوا في الظروفِ : الدُّبَّاءُ ، والْمُزَفَّتُ ، والنقيرُ ، والحنتمُ ، انتبذوا فيما رأيتم ، واجتنبوا كل مُسْكِرٍ ، ونَهَىتُكم عن زيارةِ القبورِ ، فمَنْ أراد أنْ يزورَ فلْيَزُرْ ، ولا تقولوا هُجْرًا.","بريدة بن الحصيب الأسلمي","صحيح الجامع","صحيح"
"بيْنا نحن نُزولٌ مع رسولِ اللهِ صلَّى اللهُ عليه وسلَّم بالأبطَحِ، فذكَرَ الحَديثَ، وقال فيه: ألَا إنِّي كُنتُ نَهيتُكم عن زيارةِ القُبورِ، فزُوروها تُذكِّرْكم آخِرَتَكم، ونَهيتُكم عن لُحومِ الأضاحيِّ أنْ تأكُلوها فَوقَ ثلاثٍ، فكُلوا وادَّخِروا، ونَهيتُكم عنِ الأوعيةِ، وإنَّ الأوعيةَ لا تُحرِّمُ شيئًا، فاشْرَبوا ولا تَسكَروا.","عبدالله بن مسعود","تخريج سنن الدارقطني","صحيح لغيره"
"إنِّي كُنتُ نَهَيتُكُم عنْ زِيارةِ القُبورِ، وأكلِ لُحومِ الأضاحي فَوقَ ثَلاثٍ، وعنْ نَبيذِ الأوعِيةِ، ألَا فزُوروا القُبورَ؛ فإنَّها تُزَهِّدُ في الدُّنيا، وتُذَكِّرُ الآخِرةَ، وكُلوا لُحومَ الأضاحي، وأَبقُوا ما شِئتُم؛ فإنَّما نَهَيتُكُم عنه إذِ الخَيرُ قَليلٌ تَوسِعةً على النَّاسِ، ألَا إنَّ وِعاءً لا يُحَرِّمُ شَيئًا؛ فإنَّ كلَّ مُسكِرٍ حَرامٌ.","عبدالله بن مسعود","المستدرك على الصحيحين","[سكت عنه وقال في المقدمة رواته ثقات احتج بمثله الشيخان أو أحدهما]"
"عنْ عبدِ اللهِ بن أَبي مُلَيكةَ، أنَّ عائشةَ أقبَلَت ذاتَ يَومٍ منَ المَقابِرِ، فقُلتُ لها: يا أُمَّ المُؤمِنين، من أين أقبَلتِ؟ قالتْ: من قَبرِ أخي عَبدِ الرَّحمنِ بنِ أبي بَكرٍ، فقُلتُ لها: أليس كان رَسولُ اللهِ صلَّى اللهُ عليه وسلَّمَ نهى عنْ زِيارةِ القُبورِ؟ قالتْ: نَعَم، كان قد نَهى، ثمَّ أمَرَ بزِيارتِها.","عائشة","المستدرك على الصحيحين","[سكت عنه وقال في المقدمة رواته ثقات احتج بمثله الشيخان أو أحدهما]"
"خَرَجتُ مع النَّبيِّ صلَّى اللهُ عليه وسلَّمَ حتى إذا كُنَّا بوَدَّانَ، قال: مكانَكم حتى آتِيَكم، فانطَلَقَ، ثم جاءَنا وهو ثَقيلٌ، فقال: إنِّي أتَيتُ قَبرَ أُمَّ مُحمَّدٍ، فسَأَلتُ ربِّيَ الشَّفاعةَ فمَنَعْنيها، وإنِّي كُنتُ نَهيُتكم عن زيارةِ القُبورِ فزُورُوها، ونَهيتُكم عن لُحومِ الأضاحيِّ بعدَ ثلاثةِ أيَّامٍ فكُلوا، وأمْسِكوا ما بَدا لكم، ونَهيتُكم عن هذه الأشربةِ في هذه الأوعيةِ، فاشْرَبوا فيما بَدا لكم.","بريدة بن الحصيب الأسلمي","تخريج المسند لشعيب","صحيح"
"خرجنا مع رسولِ اللهِ صلَّى اللهُ عليهِ وسلَّمَ في سفرٍ فنزلْنَا منزلًا ونحنُ معهُ قريبًا من ألفِ راكبٍ فقامَ فصلَّى ركعتينِ ثم أقبلَ علينا وعيناهُ تذرِفَانِ فقامَ إليهِ عمرُ رضي اللهُ عنهُ ففداهُ بالأبِ والأمِّ وقال له مالكٌ يا رسولَ اللهِ قال قال إنِّي استأذنتُ ربِّي في استغفارِي لأمي فلم يأذَنْ لي فبكيتُ لها رحمةً لها من النارِ وإنِّي كنتُ نهيتُكُمْ عن زيارةِ القبورِ فزورُوها ولتَزِدْكُم زيارتُها خيرًا.","بريدة بن الحصيب الأسلمي","إرواء الغليل","إسناده صحيح على شرط مسلم"
